198	2742		
4	5	0.159893653	0.675972469
1	8	0.122872433	0.866160448
7	10	0.981071041	0.980101039
7	11	0.050731642	0.081020718
9	11	0.613745067	0.17618633
10	11	0.712709427	0.620441296
4	13	0.157669411	0.124336071
5	13	0.918611331	0.79095969
2	14	0.88576247	0.227267944
7	14	0.020227297	0.167624021
10	14	0.112123032	0.278828295
15	16	0.470661126	0.306803611
12	18	0.121403757	0.376651356
5	19	0.575664835	0.102472071
7	19	0.115821587	0.315236083
12	19	0.868295537	0.796118938
18	19	0.092456555	0.27297532
19	20	0.483492269	0.711351181
5	21	0.006781308	0.405478456
9	23	0.486695545	0.156247885
11	23	0.005760693	0.593096649
1	24	0.111646582	0.250782217
15	24	0.601826867	0.978080906
16	24	0.526533127	0.871259519
20	24	0.03895572	0.302021143
13	25	0.455463015	0.494692591
4	26	0.107906039	0.672440323
5	26	0.613269066	0.227032936
13	26	0.6718194	0.433790307
5	27	0.105320743	0.794321116
5	28	0.399630137	0.701468358
13	28	0.563036405	0.958116013
26	28	0.170356573	0.0210709
5	29	0.66340936	0.29031984
18	29	0.334470146	0.253620175
26	29	0.718449487	0.298611837
27	29	0.382889583	0.185016067
28	29	0.847085502	0.672516403
12	31	0.947843932	0.042065014
18	31	0.682295644	0.230608424
19	31	0.102429767	0.337581163
9	32	0.901742575	0.226377784
11	32	0.160510218	0.752661949
23	32	0.692157751	0.027501476
31	32	0.011580024	0.795892142
32	33	0.848736067	0.996797814
30	34	0.098623536	0.873003119
1	35	0.735095458	0.159029169
8	35	0.147820173	0.48394763
24	35	0.28462077	0.975241131
32	35	0.295539069	0.807923867
33	35	0.783387339	0.755638263
7	36	0.113587344	0.572275473
9	38	0.315209491	0.20947764
11	38	0.225101312	0.182560245
23	38	0.13634371	0.506874286
32	38	0.670537135	0.916466957
33	38	0.270199217	0.106724935
32	40	0.59023307	0.69914583
33	40	0.894807099	0.984463504
35	40	0.85208184	0.692394195
38	40	0.332285689	0.021966985
1	42	0.393017802	0.118146173
24	42	0.874411998	0.240204034
22	43	0.962338638	0.69792299
24	43	0.164832295	0.111895943
32	44	0.794202366	0.988853863
33	44	0.698956571	0.307340562
35	44	0.140583102	0.839710185
38	44	0.935711517	0.496452843
40	44	0.211039958	0.68608248
41	45	0.019130088	0.482289382
1	46	0.621057351	0.11245197
8	46	0.224531043	0.656788398
24	46	0.788155457	0.012398149
35	46	0.961803408	0.794321241
42	46	0.794884454	0.691853427
15	48	0.832999144	0.08938552
16	48	0.139888161	0.445405498
24	48	0.07678175	0.845578257
7	49	0.190188513	0.842784778
10	49	0.770578681	0.862214581
11	49	0.966205039	0.3883476
12	49	0.178490526	0.182174901
19	49	0.409352325	0.007507382
36	49	0.157714865	0.900598053
18	50	0.895032952	0.333019001
42	50	0.177356953	0.364676829
44	50	0.659855002	0.388596367
46	50	0.081512282	0.960685753
5	51	0.797672236	0.875135363
27	51	0.753586582	0.441500633
29	51	0.637718976	0.039875504
39	51	0.737180672	0.744740831
49	52	0.723908587	0.470976461
5	53	0.933560151	0.751581678
7	53	0.980413214	0.102446066
10	53	0.779186985	0.587597944
11	53	0.788303808	0.329927735
12	53	0.06787234	0.934807323
18	53	0.067156537	0.146344833
19	53	0.633123489	0.643476298
31	53	0.715984758	0.36144638
36	53	0.743010731	0.452013466
49	53	0.613653026	0.444313543
50	53	0.58262255	0.821010751
52	53	0.089238366	0.767884826
2	54	0.130384635	0.317089427
5	54	0.883967221	0.726100765
12	54	0.239146401	0.099648261
14	54	0.979485321	0.695030995
18	54	0.099066116	0.521286438
19	54	0.956095213	0.304896007
31	54	0.750407042	0.799795867
36	54	0.929913995	0.018865936
49	54	0.111687853	0.087153986
53	54	0.16346372	0.43555238
7	55	0.072654907	0.891070586
12	55	0.541759457	0.482796029
18	55	0.924304824	0.669996475
19	55	0.229348933	0.476626217
31	55	0.112571951	0.043595921
36	55	0.414780706	0.874333415
53	55	0.048304554	0.117221867
54	55	0.40943648	0.060527283
7	56	0.573447258	0.019530274
12	56	0.150249339	0.842189775
18	56	0.698004829	0.563466464
19	56	0.117011846	0.656339385
31	56	0.913989369	0.372487584
36	56	0.960090087	0.00326086
50	56	0.412090099	0.367531443
53	56	0.071205919	0.159960827
54	56	0.145019297	0.998119543
55	56	0.556260739	0.799742903
5	57	0.270138929	0.523597754
7	57	0.598383098	0.413944864
10	57	0.888687795	0.060178523
11	57	0.342925574	0.47808527
12	57	0.299579921	0.284756172
18	57	0.590583722	0.799987049
19	57	0.170601934	0.898704269
31	57	0.673700502	0.785572207
49	57	0.28900699	0.777606035
53	57	0.965979537	0.726049786
54	57	0.364161003	0.294531935
55	57	0.179489567	0.699453332
56	57	0.206949531	0.459444837
32	58	0.851947705	0.630771203
33	58	0.779975346	0.26552988
35	58	0.663782043	0.071487606
40	58	0.954705968	0.394329231
44	58	0.974288125	0.961459014
43	59	0.701689202	0.351644269
1	60	0.628626473	0.834629759
7	60	0.819091012	0.122160107
8	60	0.871974528	0.044109935
10	60	0.938379797	0.820252138
12	60	0.687745785	0.412852566
14	60	0.56419935	0.691226577
18	60	0.720811235	0.941051613
19	60	0.192475539	0.566270474
20	60	0.084839547	0.794867707
23	60	0.552282706	0.410770968
24	60	0.423675454	0.977813297
31	60	0.987415393	0.133713636
32	60	0.741323239	0.68067348
33	60	0.625243038	0.582009251
35	60	0.56855876	0.540094232
36	60	0.117675913	0.429770236
40	60	0.180224859	0.622711731
44	60	0.63580267	0.861923558
46	60	0.520119634	0.846318703
49	60	0.644200003	0.085571316
50	60	0.55027508	0.835532009
52	60	0.059599479	0.599643242
53	60	0.830770269	0.188217967
54	60	0.252202778	0.799774053
55	60	0.638923929	0.208199371
56	60	0.985737238	0.549022984
57	60	0.179819804	0.945110047
58	60	0.37273951	0.707778823
7	61	0.601877174	0.842224564
10	61	0.194371013	0.484058891
12	61	0.582990461	0.37265112
14	61	0.924911979	0.802005593
18	61	0.592595305	0.979974892
19	61	0.869614402	0.003728795
31	61	0.136771107	0.200625094
32	61	0.398970016	0.179397652
53	61	0.401498473	0.793248794
54	61	0.936961258	0.042769459
55	61	0.767800111	0.17783155
56	61	0.494258226	0.014105697
57	61	0.346564778	0.762490004
60	61	0.511270117	0.236729563
17	62	0.411946358	0.302283139
32	62	0.530910834	0.132675731
33	62	0.349996436	0.115433088
35	62	0.434850222	0.554338024
40	62	0.375121131	0.874333485
44	62	0.93832349	0.836970682
58	62	0.010578857	0.978827293
60	62	0.547358426	0.61678607
32	63	0.488635437	0.552895858
33	63	0.716637901	0.288981756
35	63	0.220600252	0.842095768
38	63	0.63797204	0.762569667
40	63	0.062262439	0.29045606
44	63	0.765249557	0.011482358
58	63	0.18885233	0.019897496
60	63	0.31895035	0.755379156
62	63	0.684993755	0.799054564
32	64	0.365981557	0.039578961
33	64	0.992280311	0.237568375
35	64	0.342460914	0.141086928
40	64	0.342226738	0.575270586
44	64	0.589023366	0.420277873
50	64	0.714832772	0.675075396
58	64	0.553456052	0.0973671
60	64	0.487259252	0.215337567
62	64	0.170665589	0.614694876
63	64	0.718929942	0.998288223
32	65	0.327703547	0.069623261
33	65	0.331060663	0.644605015
35	65	0.346480657	0.788368179
40	65	0.485067661	0.746347587
44	65	0.134759185	0.298839259
50	65	0.024287757	0.801524578
58	65	0.572393332	0.555754173
60	65	0.242367645	0.30643181
62	65	0.645597046	0.711723509
63	65	0.892268324	0.426718372
64	65	0.332050709	0.90667241
32	66	0.390602446	0.963605634
33	66	0.608032857	0.063865887
35	66	0.309744403	0.293673624
40	66	0.67368155	0.205354331
44	66	0.573418841	0.88339261
50	66	0.679001881	0.368711113
58	66	0.352401393	0.94616786
60	66	0.432605035	0.702217532
62	66	0.372891394	0.94740889
63	66	0.343594637	0.641792609
64	66	0.390372615	0.234057491
65	66	0.726537935	0.315787141
7	67	0.717207382	0.377632998
36	67	0.546354148	0.116480013
49	67	0.534239631	0.54974878
53	67	0.532686186	0.706272616
54	67	0.101682242	0.243749716
55	67	0.506730626	0.36595634
56	67	0.641185464	0.965040381
35	68	0.015666958	0.247471847
44	68	0.645479673	0.539506013
50	68	0.44014102	0.302873185
60	68	0.464968504	0.747526071
7	69	0.393863188	0.751567421
10	69	0.370794373	0.433346741
14	69	0.42224946	0.954106729
49	69	0.435606681	0.274228961
54	69	0.261007411	0.771777567
60	69	0.265256239	0.54106955
61	69	0.930997991	0.343626729
7	70	0.804120171	0.267133983
10	70	0.300695465	0.119811221
14	70	0.127679519	0.981987076
19	70	0.682157532	0.13285569
20	70	0.518575944	0.66237258
34	70	0.088323352	0.540971429
36	70	0.388918835	0.009940435
49	70	0.812265538	0.161149514
54	70	0.682097242	0.012602685
57	70	0.965861015	0.872903853
60	70	0.617873556	0.520623479
61	70	0.978056388	0.417720516
67	70	0.104851613	0.308270897
69	70	0.655047053	0.145264694
7	71	0.18881758	0.463067065
9	71	0.664099111	0.882417374
10	71	0.187242621	0.880774917
11	71	0.37896847	0.438491156
12	71	0.531702458	0.40496797
49	71	0.057950265	0.689550582
53	71	0.239468457	0.24073781
57	71	0.546637093	0.219032048
7	72	0.339278257	0.474786445
36	72	0.081713908	0.272105383
60	72	0.810208562	0.72870153
71	72	0.630986119	0.930254382
5	73	0.416834123	0.905681598
12	73	0.577615259	0.208479228
13	73	0.413356061	0.379233606
18	73	0.545846965	0.22303774
26	73	0.174604127	0.759289901
28	73	0.521264905	0.454005267
29	73	0.53426605	0.417409835
69	73	0.33658284	0.174153303
70	73	0.064837086	0.699070799
1	74	0.083458719	0.382269571
7	74	0.850336354	0.834153084
10	74	0.188050438	0.741197612
24	74	0.647425355	0.459674607
35	74	0.867266962	0.177698309
71	74	0.204651982	0.985356308
72	74	0.901446546	0.755872078
5	75	0.02646933	0.910679934
51	75	0.104157917	0.510941036
5	76	0.089278352	0.042524629
27	76	0.601650929	0.073695446
29	76	0.563663708	0.385015629
51	76	0.426360411	0.006835832
75	76	0.997869633	0.946585856
4	77	0.640253252	0.677794795
5	77	0.718191311	0.304349105
18	77	0.200735375	0.2519813
26	77	0.917518579	0.714405417
28	77	0.447888546	0.402434809
29	77	0.710997772	0.163032119
41	77	0.348857562	0.520424472
45	77	0.993510961	0.407740008
73	77	0.578520894	0.949225014
1	78	0.192895407	0.902961317
16	78	0.661057631	0.773618926
20	78	0.527553284	0.46098518
24	78	0.315748779	0.090202206
35	78	0.235199534	0.561298355
43	78	0.586156585	0.726557776
60	78	0.082471864	0.746925726
74	78	0.898117677	0.895107043
5	79	0.191774124	0.53276782
49	79	0.572439546	0.905396018
51	79	0.378752332	0.64719537
75	79	0.282761695	0.660373704
76	79	0.373842318	0.416675175
9	80	0.643303548	0.047449097
11	80	0.415929039	0.884994431
20	80	0.041077057	0.488155245
23	80	0.063988351	0.582340725
24	80	0.75832679	0.10441589
32	80	0.221240373	0.227591006
38	80	0.874517469	0.147142589
39	80	0.723229671	0.252518256
60	80	0.330288363	0.297912175
78	80	0.440476851	0.783331648
1	81	0.432491234	0.767868768
7	81	0.96797406	0.622181098
15	81	0.938441349	0.451440004
16	81	0.693352203	0.753371297
22	81	0.965105862	0.11967382
24	81	0.23727112	0.674648442
36	81	0.594088206	0.014046253
42	81	0.829673887	0.232655456
43	81	0.577266584	0.301041805
46	81	0.336442935	0.818017332
48	81	0.165443522	0.834676028
50	81	0.728943573	0.528917503
53	81	0.341529904	0.924025329
55	81	0.412543955	0.134310368
56	81	0.630405303	0.0272253
60	81	0.460328099	0.343964588
67	81	0.598122667	0.904627515
43	82	0.990089948	0.03664654
59	82	0.746965617	0.169974944
7	83	0.853843248	0.887478505
12	83	0.69330398	0.392712472
22	83	0.189532411	0.736081444
34	83	0.624905558	0.630806076
36	83	0.199828889	0.211028136
43	83	0.101531054	0.251561757
49	83	0.450260335	0.625297746
52	83	0.359052635	0.807964578
53	83	0.878750541	0.126888983
54	83	0.107321388	0.486054697
55	83	0.56258892	0.981834873
56	83	0.339106398	0.015634756
57	83	0.028318506	0.094973107
60	83	0.920480222	0.84723119
67	83	0.396180276	0.908072401
70	83	0.366243565	0.746720433
71	83	0.35175789	0.252683259
81	83	0.070093327	0.737084418
67	84	0.449382504	0.555160188
83	84	0.054238523	0.631962805
4	85	0.786032344	0.111109858
5	85	0.344483983	0.179706291
13	85	0.737038847	0.311089376
26	85	0.768971296	0.003355748
28	85	0.219582538	0.913085173
73	85	0.671885267	0.559154484
77	85	0.369106657	0.061346578
5	86	0.049099455	0.504296646
13	86	0.967306951	0.357142411
18	86	0.923165218	0.428651427
26	86	0.692736472	0.152519896
28	86	0.57461614	0.798167045
29	86	0.973161522	0.6803234
41	86	0.866368915	0.982761946
45	86	0.662709941	0.707455347
69	86	0.137676672	0.197535151
70	86	0.843581192	0.057670256
73	86	0.558044838	0.065661299
75	86	0.543569908	0.696762752
77	86	0.515118673	0.941287779
79	86	0.581513107	0.89377491
85	86	0.154559302	0.666658301
7	87	0.625310513	0.904966825
10	87	0.150364189	0.607076642
14	87	0.172651388	0.575355174
20	87	0.387085257	0.057763293
36	87	0.501771595	0.686407874
54	87	0.710031566	0.762921711
67	87	0.799620444	0.888930176
69	87	0.109084438	0.12445571
70	87	0.742699093	0.019949164
74	87	0.486539424	0.953254044
83	87	0.115906009	0.800066349
18	88	0.786108278	0.587794743
29	88	0.009041069	0.135580959
41	88	0.071851599	0.585430151
45	88	0.938205168	0.712604471
50	88	0.217576916	0.361745469
52	88	0.116426737	0.173727753
53	88	0.775156207	0.448170309
56	88	0.1460524	0.758501268
60	88	0.204795376	0.340291976
69	88	0.665036405	0.83953133
70	88	0.645477648	0.624535189
73	88	0.195551884	0.736825057
77	88	0.125626145	0.960302316
86	88	0.481712034	0.662460512
8	89	0.439293069	0.719981686
57	89	0.97076127	0.585699146
60	89	0.693307536	0.851907027
83	89	0.928114256	0.262219981
5	90	0.368072914	0.234907007
18	90	0.489451547	0.427782828
26	90	0.451067436	0.030791067
28	90	0.107813511	0.122975804
29	90	0.22883962	0.034138381
37	90	0.177148948	0.166579789
49	90	0.93608921	0.983612191
69	90	0.510926866	0.777656141
73	90	0.098780959	0.974550473
77	90	0.336143806	0.956099018
83	90	0.608112107	0.488724033
86	90	0.738245304	0.556871168
88	90	0.928860727	0.87372894
15	91	0.052021353	0.019759991
16	91	0.769980073	0.778047004
24	91	0.896752822	0.254026079
32	91	0.01168333	0.645385508
33	91	0.889256351	0.326095891
38	91	0.332678153	0.079369697
40	91	0.350924819	0.883827962
44	91	0.450628707	0.982047227
48	91	0.511814154	0.112360305
60	91	0.547496599	0.083320631
63	91	0.011817143	0.219090433
78	91	0.903909121	0.191943318
80	91	0.995334343	0.006609839
13	92	0.892521001	0.380210703
25	92	0.926716399	0.883805773
7	93	0.889612829	0.569064235
54	93	0.344629315	0.076817486
60	93	0.769679669	0.671173437
69	93	0.540857746	0.022496364
70	93	0.008998198	0.617751027
7	94	0.024669314	0.015526506
54	94	0.82778732	0.482899471
60	94	0.204601367	0.38358556
69	94	0.233757589	0.568581006
70	94	0.943235343	0.617576282
93	94	0.268222339	0.63218087
1	95	0.746094269	0.470874949
7	95	0.595364542	0.80265107
8	95	0.564066523	0.974763087
35	95	0.134464791	0.428988667
46	95	0.492829885	0.65079489
60	95	0.342887017	0.049099773
69	95	0.480909393	0.587691968
70	95	0.644475847	0.263944398
78	95	0.499822938	0.739105071
80	95	0.282115069	0.027380122
89	95	0.338885784	0.836956588
91	95	0.977992003	0.303312106
93	95	0.720751927	0.662706248
94	95	0.661918398	0.103075619
5	96	0.750733044	0.215817267
14	96	0.591582249	0.154856562
18	96	0.044023656	0.135734118
26	96	0.205365799	0.218007637
27	96	0.12190207	0.1661891
28	96	0.138981233	0.824915378
29	96	0.951954903	0.067054763
41	96	0.08319415	0.081343225
45	96	0.921751759	0.871355445
51	96	0.447569963	0.792298149
54	96	0.682244731	0.284679106
69	96	0.035901869	0.299171428
70	96	0.761375431	0.779337099
73	96	0.428264865	0.109154622
75	96	0.942169207	0.033896171
76	96	0.984130148	0.562381644
77	96	0.240709755	0.896464593
79	96	0.210781589	0.908604555
86	96	0.752655566	0.484828852
87	96	0.000721324	0.636441574
88	96	0.662448172	0.04690929
90	96	0.723613467	0.988493916
5	97	0.027248349	0.276388315
29	97	0.146137522	0.632335523
41	97	0.473267698	0.58748796
45	97	0.137735783	0.766354678
77	97	0.38241102	0.255329745
86	97	0.124509446	0.654091261
88	97	0.126275305	0.942069251
90	97	0.824159251	0.387516581
96	97	0.284856545	0.912447679
1	98	0.814899692	0.724189006
8	98	0.0546172	0.953307923
22	98	0.25463024	0.854672136
32	98	0.25143516	0.694804227
33	98	0.449019408	0.001495993
35	98	0.645369925	0.472415256
40	98	0.434814816	0.267321142
43	98	0.696176122	0.666188744
44	98	0.041506654	0.395462918
46	98	0.228368694	0.816368536
58	98	0.173997551	0.207972478
60	98	0.499940959	0.632690225
62	98	0.481192449	0.453238601
63	98	0.256135908	0.915378671
64	98	0.407886645	0.4445477
65	98	0.47097179	0.163631826
66	98	0.218817059	0.507014917
81	98	0.246910484	0.227872632
83	98	0.601945689	0.390814205
95	98	0.615180893	0.780036815
1	99	0.500784211	0.861743652
8	99	0.478470474	0.028701561
22	99	0.784114121	0.507204565
24	99	0.460870967	0.9200405
32	99	0.223508233	0.637239559
33	99	0.579556546	0.212365657
35	99	0.077832534	0.062374944
40	99	0.634667572	0.356055182
43	99	0.542257829	0.01979647
44	99	0.2660916	0.395731877
46	99	0.949572391	0.139923457
58	99	0.648822876	0.468930004
59	99	0.031187542	0.368515848
60	99	0.748516642	0.623543707
62	99	0.299710326	0.961338731
63	99	0.871352663	0.439324215
64	99	0.722375248	0.446180081
65	99	0.443435879	0.095751789
66	99	0.364778442	0.220923142
68	99	0.937553737	0.793987421
69	99	0.958679531	0.616988662
70	99	0.388488567	0.749431014
73	99	0.5799115	0.373757984
78	99	0.79082237	0.789950609
81	99	0.410216382	0.10297717
82	99	0.420656893	0.267301448
83	99	0.575329101	0.380060679
88	99	0.816856904	0.784024012
95	99	0.6880665	0.982961693
98	99	0.916325794	0.230606805
1	100	0.585564285	0.3475775
8	100	0.001639665	0.081995544
22	100	0.043837126	0.396837412
24	100	0.684971903	0.484479726
32	100	0.204543271	0.665066265
33	100	0.099673529	0.876314951
35	100	0.081140084	0.937714463
40	100	0.944267733	0.676399741
43	100	0.197901208	0.282674321
44	100	0.962547237	0.302044368
46	100	0.540736547	0.067000063
58	100	0.3880985	0.130284324
59	100	0.429873875	0.066163875
60	100	0.141403338	0.824868078
62	100	0.144249857	0.192161574
63	100	0.125115431	0.396131745
64	100	0.036030357	0.32928393
65	100	0.63890158	0.66219082
66	100	0.111231732	0.696382714
78	100	0.982650097	0.163506716
81	100	0.613113722	0.345773926
83	100	0.761300796	0.396599217
95	100	0.502109775	0.255487039
98	100	0.992272371	0.723906157
99	100	0.957578776	0.2225435
1	101	0.004225094	0.295119493
8	101	0.895434469	0.82084419
22	101	0.75093366	0.079458616
32	101	0.294088079	0.898776113
33	101	0.531752945	0.757052432
35	101	0.476341278	0.700663531
40	101	0.348606626	0.397978817
43	101	0.50511249	0.602164142
44	101	0.609413642	0.603485787
46	101	0.830885501	0.291678343
58	101	0.187912049	0.077943578
60	101	0.167568532	0.607453787
62	101	0.687804937	0.942139615
63	101	0.74363592	0.075198534
64	101	0.584596639	0.403312887
65	101	0.376217076	0.724802149
66	101	0.110011887	0.189580938
68	101	0.970846137	0.852541329
81	101	0.801655352	0.938908218
83	101	0.092891691	0.954780824
95	101	0.109522533	0.99333406
98	101	0.864210354	0.460007068
99	101	0.323850244	0.752887558
100	101	0.517949306	0.950587343
4	102	0.985103024	0.366132481
5	102	0.907336559	0.518109272
13	102	0.212280452	0.961303008
26	102	0.162871312	0.671986906
28	102	0.29601316	0.093207871
77	102	0.646580675	0.902982194
85	102	0.077554075	0.875733129
86	102	0.227795785	0.540015248
1	103	0.20316791	0.79245443
7	103	0.81352009	0.208429083
10	103	0.220668676	0.715853369
24	103	0.026887891	0.410715841
35	103	0.480799124	0.97185836
67	103	0.253404486	0.087499495
71	103	0.340688768	0.309152501
72	103	0.772921458	0.591819528
74	103	0.774524514	0.523032575
78	103	0.969411853	0.626087408
83	103	0.459939092	0.397952519
87	103	0.29575595	0.628557598
1	104	0.797117384	0.279629188
15	104	0.427817805	0.983510665
16	104	0.710393858	0.686241152
24	104	0.742470156	0.996254064
35	104	0.288852203	0.164499777
42	104	0.971902968	0.246164327
46	104	0.446274837	0.069086023
48	104	0.83465625	0.051441563
74	104	0.123799305	0.871724948
78	104	0.375409198	0.306087555
81	104	0.259854008	0.740553869
91	104	0.974798511	0.201014099
103	104	0.168869833	0.113363208
15	105	0.884901093	0.126023989
16	105	0.919502236	0.255902898
22	105	0.507438052	0.103033214
24	105	0.834263429	0.544074273
32	105	0.020272106	0.158164083
33	105	0.867982513	0.732373421
35	105	0.009110789	0.84473127
38	105	0.394740577	0.548218175
40	105	0.543764876	0.651106962
43	105	0.283919941	0.378478102
44	105	0.694671701	0.941297269
48	105	0.503089407	0.507184479
58	105	0.580956872	0.452650298
60	105	0.560494048	0.416865137
62	105	0.337794189	0.781021702
63	105	0.864641433	0.284406659
64	105	0.453343319	0.872073999
65	105	0.36447164	0.265308752
66	105	0.958368764	0.082892027
81	105	0.557395078	0.117974044
83	105	0.319050745	0.105227997
91	105	0.254377176	0.204574752
98	105	0.839323273	0.745289133
99	105	0.30446368	0.792273088
100	105	0.62925658	0.814236192
101	105	0.278073295	0.601183153
104	105	0.896743789	0.0938799
31	106	0.676002703	0.315867489
32	106	0.894511467	0.232784541
33	106	0.811036641	0.416680821
35	106	0.600593809	0.053025627
40	106	0.853292864	0.905027501
42	106	0.084031926	0.924463468
44	106	0.618979449	0.661653991
46	106	0.337432782	0.747577488
50	106	0.181074139	0.721258921
58	106	0.103608465	0.452783882
60	106	0.502609836	0.021869372
61	106	0.673179067	0.81830764
62	106	0.485751602	0.357497263
63	106	0.408759264	0.350688052
64	106	0.643512109	0.227853823
65	106	0.005704295	0.02489483
66	106	0.162719893	0.293448567
81	106	0.39437384	0.268200774
98	106	0.020822453	0.713838765
99	106	0.479593367	0.221488044
100	106	0.301274809	0.66787988
101	106	0.315761109	0.612903291
105	106	0.224232197	0.958655892
15	107	0.629637595	0.420271464
16	107	0.986246687	0.557849079
24	107	0.806121118	0.97721277
32	107	0.021171535	0.819769312
33	107	0.68543246	0.763234996
35	107	0.033315583	0.847917868
40	107	0.803890624	0.307186604
44	107	0.575413383	0.039395499
48	107	0.297435678	0.932497819
58	107	0.441898042	0.168242333
60	107	0.020343396	0.162738295
62	107	0.259001966	0.587115347
63	107	0.64657218	0.145761773
64	107	0.156767225	0.73896428
65	107	0.935265791	0.588981583
66	107	0.017428128	0.744549131
91	107	0.190970327	0.741819914
98	107	0.601752406	0.222423737
99	107	0.078543999	0.406284269
100	107	0.275926513	0.496860859
101	107	0.556435522	0.213370626
104	107	0.9331904	0.000935886
105	107	0.587540814	0.701258633
106	107	0.957320234	0.437125755
1	108	0.976825355	0.728924156
7	108	0.195487534	0.820344567
22	108	0.953040542	0.062606999
24	108	0.548391224	0.543591398
32	108	0.587178833	0.003275503
33	108	0.779059462	0.136796491
35	108	0.160826221	0.153514239
40	108	0.414009666	0.60941969
43	108	0.066701108	0.955195006
44	108	0.401042042	0.593360075
58	108	0.656871509	0.621524941
60	108	0.435549187	0.797824174
62	108	0.269035144	0.331951119
63	108	0.070341389	0.715686145
64	108	0.39256383	0.087102845
65	108	0.199695019	0.65646204
66	108	0.315582912	0.45585075
69	108	0.143352124	0.234904937
70	108	0.99183899	0.159424303
74	108	0.632593354	0.918108381
78	108	0.488085324	0.648660523
81	108	0.877544268	0.161394113
83	108	0.720089908	0.95468104
93	108	0.731711736	0.87839953
94	108	0.811856126	0.320646258
95	108	0.10688565	0.48974636
98	108	0.993029339	0.448895049
99	108	0.045240254	0.873955443
100	108	0.696476281	0.43860551
101	108	0.998472256	0.222450777
103	108	0.822714059	0.432777391
104	108	0.443164395	0.402181312
105	108	0.716545084	0.907334183
106	108	0.296551998	0.050613645
107	108	0.460606535	0.941478909
32	109	0.930880476	0.023400156
33	109	0.676150964	0.143714991
35	109	0.802999094	0.450604916
40	109	0.134234831	0.382264939
44	109	0.770000905	0.361066487
58	109	0.611359679	0.22509824
60	109	0.275218341	0.049876728
62	109	0.706269873	0.608367208
63	109	0.986839037	0.988996766
64	109	0.000214237	0.624198009
65	109	0.713812628	0.430326421
66	109	0.530784582	0.217964534
69	109	0.192418417	0.358516555
83	109	0.22341869	0.963764604
98	109	0.232947691	0.341250283
99	109	0.400256144	0.628533611
100	109	0.58012436	0.226944041
101	109	0.294263441	0.957263706
105	109	0.725996177	0.099260547
106	109	0.958595615	0.133298837
107	109	0.398376294	0.168203029
108	109	0.516811662	0.369300469
8	110	0.44746483	0.452777856
32	110	0.644679059	0.554313156
33	110	0.069065165	0.309213661
35	110	0.809002247	0.237229639
40	110	0.807465453	0.669933211
44	110	0.245373547	0.136646248
50	110	0.65987231	0.839286647
58	110	0.223502237	0.899596843
60	110	0.503582046	0.043666455
62	110	0.642739442	0.706200119
63	110	0.972935396	0.850272186
64	110	0.678425564	0.255122446
65	110	0.655104776	0.80958796
66	110	0.268502667	0.087959381
69	110	0.251987155	0.853596701
70	110	0.074427621	0.568999794
73	110	0.096351889	0.146837272
88	110	0.368801504	0.942694377
95	110	0.917197606	0.479632751
98	110	0.407989579	0.35431656
99	110	0.756553407	0.906250082
100	110	0.700513261	0.382403176
101	110	0.444300448	0.864872753
105	110	0.103299475	0.392869561
106	110	0.026654833	0.322225165
107	110	0.850404836	0.948105322
108	110	0.489587419	0.048374598
109	110	0.844695312	0.593186379
7	111	0.800057158	0.807542735
9	111	0.749721007	0.590623779
23	111	0.78960593	0.81658191
31	111	0.492105344	0.646641092
32	111	0.985093223	0.821479705
50	111	0.39440967	0.817666046
53	111	0.73350609	0.837873946
54	111	0.393463681	0.65402561
56	111	0.030895695	0.443426039
57	111	0.891207151	0.274245909
60	111	0.866993538	0.715147516
61	111	0.385652201	0.111743274
69	111	0.436370365	0.376645758
70	111	0.742474954	0.515793622
71	111	0.566803646	0.334772304
83	111	0.238128312	0.426545319
93	111	0.662125127	0.803350067
94	111	0.756681014	0.323439301
95	111	0.557688627	0.051740211
106	111	0.648287299	0.492198597
108	111	0.752402001	0.042614262
7	112	0.050075974	0.16255127
10	112	0.002772355	0.798466769
11	112	0.194371713	0.690152366
14	112	0.297973786	0.91630512
49	112	0.15229318	0.535480301
53	112	0.338186736	0.019425897
57	112	0.566932068	0.984857249
60	112	0.906782916	0.052020089
61	112	0.479330626	0.294055069
69	112	0.306066173	0.478424113
70	112	0.217147017	0.606544201
71	112	0.123315838	0.668034985
74	112	0.748126933	0.688045584
87	112	0.052279748	0.101705809
103	112	0.74127223	0.59817497
7	113	0.145914761	0.28558316
10	113	0.429412433	0.503224424
11	113	0.065411623	0.828860587
49	113	0.677857954	0.140917203
53	113	0.380126849	0.424357749
57	113	0.28533184	0.554275303
71	113	0.502315444	0.983549343
112	113	0.538363657	0.011980545
7	114	0.188712468	0.841071063
10	114	0.38849027	0.493050865
11	114	0.486891068	0.905496156
12	114	0.254321316	0.448139419
14	114	0.877517244	0.39542183
18	114	0.142913075	0.643927894
49	114	0.600125203	0.333541795
50	114	0.579165571	0.483826178
53	114	0.637893489	0.569915779
56	114	0.363003293	0.487362433
57	114	0.583200516	0.605967
60	114	0.395359243	0.939640566
61	114	0.937052759	0.870840451
69	114	0.851719876	0.127298916
70	114	0.351037133	0.173234972
71	114	0.557336956	0.40934589
74	114	0.592525554	0.386342024
83	114	0.017470533	0.148024221
87	114	0.063439178	0.705645285
88	114	0.207039665	0.880657612
93	114	0.058535282	0.138050771
94	114	0.080915769	0.115601917
103	114	0.153972627	0.387285961
112	114	0.52614227	0.40242884
113	114	0.306116251	0.471837265
3	115	0.058035062	0.936601368
9	116	0.722526806	0.309130722
33	116	0.620241906	0.57072545
38	116	0.823933019	0.066371226
39	116	0.972770801	0.846274165
40	116	0.815473874	0.265443047
71	116	0.800951322	0.178844173
91	116	0.826089997	0.940097336
111	116	0.305921281	0.603705534
9	117	0.198914318	0.89383945
25	117	0.476835705	0.415233561
71	117	0.595612429	0.741508518
111	117	0.697301117	0.999102253
116	117	0.710678528	0.734298141
8	118	0.197571944	0.357789752
9	118	0.278048533	0.968625587
43	118	0.970764892	0.226038593
49	118	0.423588622	0.513267938
59	118	0.454835951	0.034073379
60	118	0.846747725	0.336880865
69	118	0.871296465	0.426482942
70	118	0.054656038	0.761980945
71	118	0.190532867	0.551316812
79	118	0.367372858	0.716230242
82	118	0.038605658	0.718596071
83	118	0.907904165	0.2841393
84	118	0.946714702	0.056777158
89	118	0.740720263	0.937096412
93	118	0.399152071	0.019791181
94	118	0.106923147	0.992181274
99	118	0.536608654	0.431432378
111	118	0.151822368	0.563122568
116	118	0.524382376	0.496992171
117	118	0.035773885	0.750772026
33	119	0.547303346	0.107860787
38	119	0.498850785	0.483545352
40	119	0.935306983	0.787549886
91	119	0.588286251	0.074376789
116	119	0.81680396	0.443212899
119	120	0.355873026	0.247218376
8	121	0.952013333	0.568614434
9	121	0.929805315	0.168283976
43	121	0.585556568	0.818966822
49	121	0.80159701	0.199721218
57	121	0.971989506	0.06546589
59	121	0.910788148	0.761371911
60	121	0.56917682	0.400384699
69	121	0.947374477	0.84850313
70	121	0.808465083	0.360129451
71	121	0.658196493	0.48842311
82	121	0.639305837	0.673323556
83	121	0.13281271	0.537266912
89	121	0.958547744	0.312041386
93	121	0.863831531	0.092609946
94	121	0.858653626	0.244625455
99	121	0.802980556	0.525537253
111	121	0.796547204	0.637533298
116	121	0.686244515	0.33422118
117	121	0.665195758	0.093967385
118	121	0.257670387	0.548259201
7	122	0.61689891	0.437721272
9	122	0.203403975	0.872147368
32	122	0.916384406	0.410274719
33	122	0.527384139	0.834612921
35	122	0.828630795	0.263762891
40	122	0.406609469	0.122871033
43	122	0.990449361	0.956649111
44	122	0.224824161	0.467494627
58	122	0.509491558	0.544090172
59	122	0.842467255	0.892567446
60	122	0.413099147	0.220800034
62	122	0.602283542	0.341684368
63	122	0.264519947	0.573496418
64	122	0.029674262	0.97111151
65	122	0.398219634	0.264065077
66	122	0.030165026	0.291335481
69	122	0.121479606	0.482148991
70	122	0.61109058	0.96695328
71	122	0.243052444	0.95297137
82	122	0.578111862	0.266681371
93	122	0.018235818	0.652043784
94	122	0.741874274	0.123551715
95	122	0.841573288	0.435904245
98	122	0.355124112	0.365067636
99	122	0.249462155	0.490080226
100	122	0.751238631	0.270218212
101	122	0.569318203	0.468139866
105	122	0.995577798	0.007922326
106	122	0.392739382	0.018390182
107	122	0.506449708	0.440832921
108	122	0.601307985	0.833664932
109	122	0.358956482	0.10817067
110	122	0.799311354	0.211724319
111	122	0.626647499	0.760873173
116	122	0.906878589	0.941522101
117	122	0.280888513	0.188062005
118	122	0.21702106	0.035170102
121	122	0.351969101	0.614393061
31	123	0.24120518	0.690727508
32	123	0.366562244	0.40488357
33	123	0.689525475	0.378142748
35	123	0.685602454	0.324251097
40	123	0.992816415	0.452246126
42	123	0.12423569	0.23936079
44	123	0.524741889	0.216596987
46	123	0.950614523	0.1249849
50	123	0.633438179	0.537093765
58	123	0.627268839	0.057763685
60	123	0.217501772	0.607842953
61	123	0.894144105	0.989305761
62	123	0.616330376	0.631490756
63	123	0.796028418	0.04832927
64	123	0.07089133	0.718711352
65	123	0.539170941	0.78707578
66	123	0.969430985	0.97900236
81	123	0.812762385	0.199522092
98	123	0.636224539	0.132801244
99	123	0.439587981	0.282072952
100	123	0.738372615	0.290862636
101	123	0.361691965	0.097959583
105	123	0.957382862	0.797324935
106	123	0.337522926	0.653802981
107	123	0.00884906	0.082697702
108	123	0.072816803	0.673958105
109	123	0.657252741	0.810368101
110	123	0.717302805	0.108261054
111	123	0.904659278	0.021834023
122	123	0.425271171	0.489609449
5	124	0.040262056	0.452083273
26	124	0.161228371	0.674650741
28	124	0.869035061	0.114811363
29	124	0.714675237	0.208285309
77	124	0.987488233	0.53563462
86	124	0.480476484	0.877685283
90	124	0.98864847	0.154876327
96	124	0.008784312	0.59418505
97	124	0.12728673	0.041350263
7	125	0.856931097	0.935251006
49	125	0.950882164	0.080718606
54	125	0.10745201	0.011639313
60	125	0.426761295	0.180818
69	125	0.103478562	0.469970046
70	125	0.911672256	0.864661723
90	125	0.543543022	0.830681197
93	125	0.515531263	0.713169333
94	125	0.120359434	0.356864901
95	125	0.018445428	0.728670156
96	125	0.423952286	0.013094938
108	125	0.980654318	0.5033926
111	125	0.761637488	0.347192762
114	125	0.877359079	0.32476826
118	125	0.161871434	0.184395071
121	125	0.744415447	0.813736972
122	125	0.399001469	0.843348907
5	126	0.565756126	0.450696406
27	126	0.161106823	0.830399579
29	126	0.296678724	0.633248812
51	126	0.865401905	0.367802526
75	126	0.492340532	0.216713149
76	126	0.009715187	0.962925086
79	126	0.180533156	0.205106608
96	126	0.345017769	0.07247598
7	127	0.909128863	0.666438439
10	127	0.118445178	0.095360527
14	127	0.732580938	0.603993579
49	127	0.516540364	0.480482791
60	127	0.072062227	0.155091399
61	127	0.84144813	0.588239164
67	127	0.953573285	0.472924297
69	127	0.927188611	0.290178837
70	127	0.40416772	0.387304111
83	127	0.67967013	0.998102357
89	127	0.335196419	0.443299061
93	127	0.559820025	0.107512852
95	127	0.843797102	0.623564561
112	127	0.61477946	0.593779728
114	127	0.239419327	0.229440885
5	128	0.225712509	0.057194665
13	128	0.112358901	0.731593671
18	128	0.137477477	0.087175487
26	128	0.219645021	0.921510029
27	128	0.76569801	0.546089708
28	128	0.321506278	0.525565682
29	128	0.575220548	0.313132749
51	128	0.598507393	0.082204311
73	128	0.20789305	0.212664623
75	128	0.57937356	0.547142567
76	128	0.304617074	0.673469949
77	128	0.864395022	0.021507109
79	128	0.740765743	0.780919213
85	128	0.797457237	0.843826521
86	128	0.335636587	0.476839941
88	128	0.532409783	0.402123879
90	128	0.586979644	0.698542256
96	128	0.988082211	0.728164118
97	128	0.888171841	0.261368473
102	128	0.884780409	0.311133647
124	128	0.758695597	0.942926638
126	128	0.090027996	0.856074311
7	129	0.025266067	0.22502492
12	129	0.314400818	0.447934662
18	129	0.471286977	0.107185738
19	129	0.327763395	0.823388948
31	129	0.823983195	0.193402491
36	129	0.923455655	0.233323961
53	129	0.586834938	0.385709029
54	129	0.588839374	0.499467159
55	129	0.504850514	0.148257175
56	129	0.414281857	0.417249978
57	129	0.830261224	0.275318729
60	129	0.04877926	0.11456777
61	129	0.55618152	0.91766164
84	129	0.594791877	0.606668039
118	129	0.082095398	0.86754945
7	130	0.43267598	0.469443719
10	130	0.142936713	0.729228129
14	130	0.114527553	0.135860418
19	130	0.800678782	0.705787532
49	130	0.545874087	0.537901606
54	130	0.750176086	0.413330293
57	130	0.75878697	0.36441503
60	130	0.021185092	0.386778644
61	130	0.031314385	0.15295826
69	130	0.014487204	0.730647038
70	130	0.83195514	0.812921347
87	130	0.355770222	0.450913488
93	130	0.188201267	0.427849555
94	130	0.093773512	0.011598388
96	130	0.145953778	0.452593992
112	130	0.922003484	0.693478587
114	130	0.681757599	0.988299273
125	130	0.637765083	0.960058572
127	130	0.353975113	0.997957607
1	131	0.152889225	0.682503248
8	131	0.188846924	0.890655517
18	131	0.469096801	0.905272399
22	131	0.225690153	0.348978503
32	131	0.225730736	0.753041642
33	131	0.478591811	0.903650305
35	131	0.407405243	0.562709267
40	131	0.136582151	0.122735503
43	131	0.541623932	0.192464092
44	131	0.934938306	0.49274753
46	131	0.371243608	0.946167074
50	131	0.951115507	0.530650687
53	131	0.462229566	0.81962025
56	131	0.201942379	0.152188429
58	131	0.126711178	0.187932665
60	131	0.740835101	0.178942402
62	131	0.548837041	0.489995814
63	131	0.977148957	0.791954735
64	131	0.986233263	0.437948059
65	131	0.074124255	0.8834451
66	131	0.881513923	0.771895331
81	131	0.267820814	0.15950002
83	131	0.380214894	0.194801455
88	131	0.539438489	0.237542637
95	131	0.749374569	0.995961636
98	131	0.039045233	0.398124909
99	131	0.280784312	0.859416826
100	131	0.178299367	0.812955383
101	131	0.944376045	0.298015383
105	131	0.087576285	0.447276698
106	131	0.95145438	0.624332656
107	131	0.204682902	0.732700646
108	131	0.42387747	0.331685082
109	131	0.820455204	0.824826321
110	131	0.798581026	0.31198576
114	131	0.229502142	0.423368547
122	131	0.15061413	0.018128973
123	131	0.915714339	0.197091677
1	132	0.026295327	0.731752851
7	132	0.714390937	0.914360315
8	132	0.223476573	0.155455467
18	132	0.698530388	0.003592234
22	132	0.378887312	0.130398625
24	132	0.635249384	0.748910786
32	132	0.148987499	0.449814116
33	132	0.220833056	0.769158721
35	132	0.02931415	0.708547338
40	132	0.260803204	0.468529872
43	132	0.372504519	0.589851159
44	132	0.721397646	0.878024286
46	132	0.44934639	0.652585856
50	132	0.622200361	0.223240734
53	132	0.77035474	0.017072447
56	132	0.514602469	0.614856799
58	132	0.708435376	0.053357373
60	132	0.170515332	0.927878395
62	132	0.154243434	0.454522639
63	132	0.041745529	0.375901764
64	132	0.215182006	0.612314882
65	132	0.337691589	0.392738588
66	132	0.696160831	0.367410235
68	132	0.344186923	0.487163204
69	132	0.406898559	0.124639578
70	132	0.970255677	0.179220501
81	132	0.041474617	0.637945311
83	132	0.105456244	0.821902512
88	132	0.109341611	0.639132449
89	132	0.360613587	0.141285538
93	132	0.683672008	0.697348373
94	132	0.090156314	0.794633093
95	132	0.942589437	0.767482262
98	132	0.420510745	0.8462961
99	132	0.336086599	0.389237506
100	132	0.110161398	0.14216552
101	132	0.538810072	0.832916501
105	132	0.124586189	0.22532303
106	132	0.208130675	0.437156127
107	132	0.403651476	0.154235813
108	132	0.794358277	0.443324281
109	132	0.927511212	0.822251987
110	132	0.709108799	0.95958968
111	132	0.133136799	0.544913915
114	132	0.334785403	0.849072886
118	132	0.581983768	0.220100873
121	132	0.89913542	0.750412131
122	132	0.260896338	0.652363122
123	132	0.965274818	0.548467327
125	132	0.528331861	0.440244982
131	132	0.857963181	0.425294343
37	133	0.277408187	0.6882112
90	133	0.114531594	0.790753161
33	134	0.722542954	0.433385403
38	134	0.738991718	0.035262
40	134	0.261977552	0.138913367
67	134	0.44355846	0.562291145
83	134	0.092617089	0.69489015
84	134	0.917458653	0.622305332
91	134	0.981721408	0.064391241
116	134	0.493192398	0.463984571
119	134	0.031600304	0.951421678
9	135	0.654425164	0.588605825
11	135	0.995019931	0.173734363
23	135	0.268183747	0.7782597
32	135	0.303310173	0.538319467
33	135	0.802293103	0.099457887
35	135	0.82238986	0.837213918
38	135	0.121857951	0.559200866
40	135	0.838200453	0.03214928
44	135	0.258144506	0.81659292
58	135	0.860529088	0.154833846
60	135	0.573684705	0.229943154
62	135	0.286521627	0.679440356
63	135	0.67319198	0.342647501
64	135	0.133364288	0.180405355
65	135	0.822826465	0.704739682
66	135	0.376433326	0.055581837
67	135	0.134311799	0.301102772
68	135	0.744531376	0.84911354
80	135	0.636360916	0.642466253
83	135	0.081774779	0.771794754
84	135	0.544604369	0.886034231
91	135	0.834993989	0.258045808
95	135	0.116406259	0.886742422
98	135	0.891710144	0.064938454
99	135	0.747802403	0.915995785
100	135	0.077556324	0.678149451
101	135	0.66345692	0.565211806
105	135	0.921321113	0.34448406
106	135	0.28541896	0.91773739
107	135	0.974888296	0.826675147
108	135	0.393851603	0.019962604
109	135	0.546212304	0.615404743
110	135	0.173568818	0.198441863
116	135	0.360250362	0.768399334
119	135	0.881150304	0.498219877
122	135	0.336899264	0.945638799
123	135	0.304413485	0.244164056
131	135	0.076304535	0.644928489
132	135	0.349195037	0.387573074
134	135	0.614219391	0.054397427
5	136	0.095200908	0.447360261
7	136	0.390258739	0.820157851
8	136	0.680872715	0.122074317
17	136	0.243749088	0.439707152
18	136	0.87586043	0.204024762
19	136	0.095541128	0.784223431
20	136	0.369465948	0.239294251
22	136	0.864351811	0.351037183
24	136	0.693438832	0.762828919
29	136	0.452457403	0.092279981
41	136	0.148688502	0.271828527
42	136	0.902825042	0.612410074
43	136	0.786351028	0.61937352
45	136	0.425152747	0.724603049
49	136	0.251106105	0.376892899
51	136	0.276481153	0.298920116
57	136	0.050748306	0.244059581
59	136	0.938801197	0.151240844
60	136	0.406046287	0.870012811
65	136	0.985015824	0.342912933
66	136	0.015091981	0.438357474
67	136	0.020556936	0.650899393
69	136	0.152806905	0.23583302
70	136	0.127052128	0.49684483
73	136	0.275401441	0.949133059
75	136	0.250615147	0.216213587
76	136	0.831307746	0.104956077
77	136	0.716412343	0.711536581
78	136	0.79621165	0.006527027
79	136	0.08092478	0.313509154
81	136	0.160872424	0.659113573
82	136	0.735820109	0.361736746
83	136	0.870080254	0.611807599
84	136	0.958875626	0.289744326
86	136	0.7467541	0.054512436
88	136	0.847394355	0.524538377
89	136	0.050176874	0.716701193
90	136	0.034924545	0.076739438
93	136	0.384898377	0.902251583
94	136	0.550581642	0.788251938
95	136	0.152022988	0.147466778
96	136	0.795966115	0.623034251
97	136	0.872592636	0.199732541
98	136	0.274242061	0.846957275
99	136	0.759790078	0.730430156
100	136	0.144088387	0.285148156
101	136	0.378928283	0.922942518
105	136	0.331930746	0.665777836
108	136	0.084542438	0.923552934
110	136	0.848936769	0.223847058
114	136	0.95636044	0.026903346
118	136	0.86615517	0.057515962
121	136	0.341920376	0.825607441
122	136	0.87047695	0.960296837
125	136	0.599021653	0.570755675
126	136	0.915888664	0.497802533
127	136	0.344911393	0.723868478
128	136	0.723177666	0.568829186
129	136	0.029109895	0.134050187
130	136	0.600683967	0.004947214
131	136	0.290406774	0.052366655
132	136	0.628762157	0.001082571
9	137	0.962255336	0.416827159
20	137	0.931249865	0.76578584
71	137	0.642191961	0.485532535
78	137	0.443664073	0.887213606
83	137	0.789444425	0.214586451
111	137	0.622260957	0.19041468
116	137	0.266794525	0.380340757
117	137	0.330747281	0.770716251
118	137	0.855733041	0.75074971
121	137	0.419897987	0.453377795
122	137	0.41136137	0.755414578
136	137	0.194240206	0.471532597
4	138	0.843411658	0.739529235
5	138	0.644380319	0.60619501
26	138	0.435660067	0.030293883
28	138	0.265630717	0.519878975
29	138	0.349188858	0.301542774
77	138	0.546159264	0.761880593
86	138	0.978957035	0.73166144
90	138	0.800720279	0.354357469
96	138	0.995167851	0.629076304
97	138	0.859825547	0.579065151
102	138	0.296327128	0.893994572
124	138	0.678587937	0.749651604
128	138	0.964921147	0.86939292
136	138	0.115712559	0.209179215
9	139	0.306836447	0.826912662
11	139	0.592134538	0.251250862
23	139	0.140607287	0.649879277
32	139	0.262341633	0.472343921
38	139	0.94639195	0.546491294
44	139	0.31290152	0.223893353
50	139	0.625653135	0.432853234
64	139	0.247129192	0.267278629
65	139	0.42859336	0.266235441
66	139	0.129310898	0.999878285
80	139	0.705968666	0.930871612
91	139	0.637789347	0.65759973
110	139	0.512299126	0.348736135
131	139	0.688118534	0.956645221
135	139	0.113239132	0.853693903
5	140	0.551406922	0.949310104
13	140	0.074011418	0.341763568
18	140	0.4641597	0.815833037
26	140	0.684445832	0.577868134
28	140	0.01216731	0.099366279
29	140	0.006003242	0.496221056
73	140	0.012756086	0.012942119
77	140	0.779704175	0.842151143
85	140	0.602526681	0.742729147
86	140	0.098546479	0.316212599
88	140	0.780129457	0.030448783
90	140	0.553527073	0.93328339
96	140	0.659447995	0.276479399
102	140	0.154022101	0.177395545
124	140	0.869673332	0.613103979
128	140	0.395409799	0.968264663
136	140	0.003702538	0.17665588
7	141	0.108030694	0.841090904
10	141	0.145929702	0.398797019
14	141	0.819385857	0.448039835
60	141	0.485026888	0.814513749
61	141	0.649323388	0.687343572
69	141	0.894248215	0.44705487
70	141	0.095813986	0.30113521
83	141	0.668779639	0.298382682
89	141	0.058112803	0.997610426
95	141	0.836356933	0.174405553
112	141	0.162795444	0.922248554
114	141	0.64218447	0.729382593
127	141	0.782378651	0.059392231
130	141	0.35433868	0.082006804
132	141	0.815055309	0.423418651
136	141	0.613046268	0.916627354
8	142	0.923732261	0.331017598
49	142	0.370150024	0.348362426
57	142	0.831645584	0.021398446
60	142	0.490219648	0.124701873
69	142	0.070164327	0.91543252
70	142	0.832371696	0.329535898
79	142	0.146753724	0.337232772
83	142	0.432006862	0.691812738
89	142	0.441436326	0.13845866
95	142	0.943228223	0.94828111
96	142	0.886554637	0.859260102
114	142	0.858222153	0.596053211
118	142	0.173787336	0.309328269
121	142	0.916866978	0.453283445
125	142	0.408413145	0.372384985
127	142	0.721992514	0.047441892
132	142	0.758725307	0.763884508
136	142	0.081323383	0.428312381
141	142	0.900979762	0.970225155
43	143	0.770606939	0.724110918
49	143	0.844847763	0.658270316
59	143	0.578273281	0.088031508
69	143	0.141429349	0.16262361
70	143	0.843273466	0.920746991
73	143	0.931985759	0.973927743
79	143	0.939064734	0.613536167
82	143	0.386333526	0.864668161
88	143	0.191255175	0.988190257
99	143	0.193996133	0.394976335
110	143	0.219359631	0.531812907
118	143	0.961884828	0.468031401
121	143	0.144982157	0.132509343
122	143	0.684207408	0.913080411
136	143	0.672809953	0.280772111
142	143	0.505315853	0.387641531
5	144	0.585168983	0.64654244
27	144	0.888549362	0.866022576
29	144	0.852735987	0.813385118
51	144	0.097696664	0.918578473
75	144	0.644941254	0.030353354
76	144	0.315244539	0.145896291
79	144	0.607498146	0.028810949
96	144	0.197223379	0.649638235
126	144	0.729882463	0.40358481
128	144	0.075262732	0.272768007
136	144	0.356241773	0.165384214
138	145	0.399774316	0.861289112
7	146	0.309653028	0.192158176
54	146	0.288065634	0.828811475
60	146	0.210833692	0.687048016
69	146	0.032835506	0.235012503
70	146	0.776784949	0.39670872
93	146	0.858041102	0.807394918
94	146	0.294138117	0.199560836
95	146	0.562272329	0.197544667
108	146	0.857392987	0.63017047
111	146	0.467068214	0.754936187
114	146	0.019441794	0.655842437
118	146	0.448966112	0.346406809
121	146	0.58507626	0.80165707
122	146	0.26602698	0.725347808
125	146	0.98224247	0.743649495
130	146	0.581221444	0.075688106
132	146	0.298313592	0.26808161
136	146	0.927356998	0.841886415
4	147	0.083682256	0.155485086
5	147	0.694542501	0.9879443
13	147	0.621879502	0.854381309
18	147	0.024703076	0.438024246
26	147	0.620771051	0.671537464
27	147	0.358909679	0.033659915
28	147	0.033926611	0.357987817
29	147	0.136707952	0.828115924
51	147	0.401435461	0.095103539
73	147	0.693515981	0.556930449
75	147	0.892651598	0.253810402
76	147	0.73326352	0.466961974
77	147	0.672342976	0.850380263
79	147	0.892788721	0.439383332
85	147	0.646128627	0.219372874
86	147	0.020925079	0.340094486
88	147	0.917132041	0.375412302
90	147	0.75608647	0.121582722
96	147	0.719265085	0.485915354
97	147	0.636877836	0.960151128
102	147	0.245051647	0.11569671
126	147	0.280107648	0.96040702
128	147	0.895747979	0.154964251
136	147	0.731042715	0.190457266
138	147	0.817058054	0.568453988
140	147	0.361583777	0.423611723
144	147	0.65127607	0.330115764
13	148	0.363850202	0.037595017
25	148	0.073896022	0.218794881
92	148	0.374781002	0.211361903
115	148	0.184322538	0.823122305
5	149	0.048004127	0.170283572
13	149	0.227657371	0.677604575
18	149	0.988074777	0.66266729
25	149	0.008233098	0.031507176
26	149	0.860684279	0.488890957
27	149	0.392941845	0.872459214
28	149	0.213279746	0.082313209
29	149	0.292998953	0.635121516
39	149	0.720576254	0.74834687
49	149	0.605233688	0.532178832
51	149	0.8932146	0.560883684
53	149	0.102377939	0.433627484
54	149	0.513500349	0.162306564
67	149	0.101370072	0.31156502
73	149	0.929386775	0.568851184
75	149	0.7458633	0.218223487
76	149	0.696786011	0.145489174
77	149	0.863939668	0.63172179
79	149	0.84688224	0.313870606
83	149	0.621381534	0.46785963
85	149	0.212633049	0.02925242
86	149	0.198367663	0.279428198
88	149	0.020486563	0.569299273
89	149	0.780075239	0.919186511
90	149	0.737312561	0.651660652
96	149	0.130209455	0.643418319
97	149	0.201169736	0.553720435
126	149	0.349558634	0.219413031
128	149	0.980730733	0.41610928
136	149	0.550461489	0.22070457
138	149	0.068488873	0.750908275
140	149	0.115665846	0.316236148
142	149	0.558160734	0.448432593
144	149	0.138304516	0.323286178
147	149	0.102037535	0.470554886
2	150	0.420883436	0.472870068
7	150	0.035281803	0.54560184
14	150	0.221049511	0.486017483
36	150	0.557016991	0.766024707
49	150	0.097332568	0.347244987
53	150	0.022900379	0.471488762
54	150	0.003273889	0.413737796
55	150	0.064278852	0.28227627
56	150	0.452539658	0.742611897
60	150	0.707921086	0.64606904
67	150	0.902407986	0.703700439
69	150	0.452022379	0.664227001
70	150	0.406643874	0.039432086
71	150	0.821269893	0.504258426
72	150	0.873958073	0.807385647
74	150	0.528402493	0.752999052
81	150	0.598766646	0.31006308
83	150	0.22473238	0.942180772
87	150	0.2445796	0.927952042
96	150	0.131868462	0.689280958
103	150	0.962287731	0.886993072
112	150	0.845835894	0.124042993
127	150	0.793804479	0.456620659
130	150	0.568928057	0.873754764
136	150	0.926540877	0.159005047
142	150	0.610035817	0.042690375
149	150	0.548640052	0.437173322
7	151	0.469059547	0.66069006
10	151	0.47433743	0.237411385
14	151	0.966738923	0.736223295
60	151	0.492187102	0.87860422
61	151	0.148119528	0.064312011
69	151	0.618506432	0.069427028
70	151	0.288228681	0.918068295
112	151	0.279988617	0.610443432
114	151	0.911024873	0.63520435
125	151	0.349014258	0.586548363
127	151	0.565129549	0.060960113
130	151	0.160547971	0.208262114
136	151	0.383113087	0.954278698
141	151	0.547970084	0.391440523
146	151	0.70960823	0.544452821
150	151	0.521848842	0.9995713
6	152	0.256359502	0.979621966
115	152	0.27990246	0.128941447
3	153	0.112862873	0.677764544
4	153	0.173738317	0.887421648
5	153	0.009655933	0.189401328
9	153	0.540511602	0.071759199
13	153	0.356376094	0.06457221
25	153	0.835788447	0.436529107
26	153	0.830662786	0.437086369
27	153	0.059007375	0.946385808
28	153	0.710369356	0.654838649
29	153	0.757823564	0.104678869
37	153	0.869280911	0.554868115
39	153	0.629691994	0.281707973
51	153	0.021461849	0.257593543
71	153	0.499360358	0.275324672
76	153	0.037208565	0.866505292
86	153	0.572011051	0.663335198
90	153	0.725592827	0.011283718
92	153	0.836876269	0.556398563
96	153	0.181237173	0.809393092
111	153	0.873962069	0.302325376
115	153	0.810409533	0.777354173
116	153	0.338341158	0.717480498
117	153	0.707199075	0.699192795
118	153	0.848362168	0.054601256
121	153	0.575142223	0.801358322
122	153	0.92292652	0.454141112
124	153	0.179292963	0.083189622
126	153	0.857740876	0.26673744
128	153	0.654892169	0.550663804
137	153	0.999113205	0.972769677
140	153	0.733697507	0.697967321
144	153	0.037543604	0.953423879
147	153	0.829475983	0.053573075
148	153	0.509774315	0.4779399
149	153	0.402348157	0.70709227
1	154	0.747060574	0.143734573
8	154	0.903190053	0.297674262
24	154	0.724307634	0.963755006
32	154	0.315267719	0.947544847
33	154	0.113268511	0.632977203
35	154	0.392134477	0.755033453
40	154	0.523442647	0.805756718
44	154	0.132917881	0.172744254
46	154	0.891988381	0.706877266
58	154	0.790499472	0.696791763
60	154	0.744232998	0.255795844
62	154	0.509568223	0.051300316
63	154	0.38146397	0.013677659
64	154	0.822769858	0.557315751
65	154	0.738120975	0.813134689
66	154	0.815430063	0.299683575
68	154	0.160883519	0.749392435
74	154	0.315889204	0.265576229
78	154	0.717063197	0.681420076
95	154	0.788467797	0.513349295
98	154	0.528183926	0.580376371
99	154	0.842878215	0.489020394
100	154	0.828932917	0.24722104
101	154	0.119406663	0.749584811
103	154	0.790782878	0.359255176
104	154	0.142710382	0.551720412
105	154	0.548860949	0.715081501
106	154	0.346539314	0.741736238
107	154	0.060762997	0.795780081
108	154	0.641558494	0.776485732
109	154	0.353200575	0.541944902
110	154	0.019303928	0.850046983
122	154	0.742600251	0.260555381
123	154	0.800056152	0.488383518
131	154	0.538032919	0.389549345
132	154	0.979710624	0.009822883
135	154	0.79571151	0.618568655
5	155	0.139241569	0.573013631
13	155	0.003904741	0.079998312
26	155	0.123498333	0.227507712
28	155	0.828848127	0.185362887
37	155	0.295089786	0.838843892
47	155	0.818686865	0.903639132
73	155	0.477240775	0.865619425
85	155	0.791378301	0.744422751
86	155	0.80165579	0.103794693
128	155	0.947380431	0.609767937
133	155	0.933923714	0.714076909
138	155	0.566379713	0.008288952
140	155	0.932501056	0.944717997
149	155	0.779658321	0.355505567
4	156	0.800527387	0.339911112
5	156	0.89037612	0.343882757
13	156	0.931455301	0.238776904
26	156	0.081942132	0.827492846
28	156	0.363703978	0.512357595
73	156	0.345699859	0.289351421
85	156	0.688385474	0.132427222
86	156	0.661889932	0.549152191
102	156	0.986488607	0.367579132
128	156	0.606150805	0.610150436
133	156	0.35621331	0.517109814
140	156	0.861776751	0.019209828
147	156	0.287884626	0.982833285
149	156	0.308190623	0.325603934
155	156	0.45092123	0.328442016
6	157	0.872208324	0.097858127
115	157	0.65140096	0.268177858
152	157	0.652121421	0.088657236
7	158	0.750519455	0.334696542
10	158	0.813181217	0.008637652
11	158	0.756843503	0.916437035
14	158	0.628698861	0.16863967
18	158	0.381940952	0.845494433
20	158	0.035963447	0.062579441
36	158	0.550708215	0.24542021
43	158	0.72670238	0.010363565
49	158	0.927183174	0.600705989
50	158	0.738074316	0.122149138
53	158	0.461048806	0.321050907
54	158	0.933565279	0.052559726
55	158	0.164810181	0.966104269
56	158	0.371889411	0.088556454
57	158	0.275248629	0.220469577
59	158	0.706175297	0.711817443
60	158	0.149907888	0.713116501
61	158	0.892600035	0.409677701
67	158	0.381908923	0.475327159
69	158	0.502437097	0.275779597
70	158	0.258507555	0.284764385
71	158	0.740242599	0.483864724
78	158	0.228393293	0.516988638
81	158	0.697739215	0.942250342
83	158	0.491363494	0.596442027
84	158	0.351041107	0.805187907
87	158	0.362337351	0.93472847
88	158	0.127698434	0.647770561
89	158	0.811098342	0.444178007
95	158	0.279385067	0.092123279
96	158	0.382654794	0.654440669
112	158	0.83447169	0.961150125
113	158	0.034358215	0.908506368
114	158	0.491875093	0.982876719
121	158	0.992329451	0.058466903
127	158	0.501355883	0.081487045
130	158	0.8625906	0.397357157
131	158	0.439190765	0.466376033
132	158	0.459265845	0.856224456
136	158	0.135491226	0.945846755
137	158	0.333529972	0.902212517
141	158	0.085531229	0.905986495
142	158	0.874284055	0.005931035
150	158	0.657372944	0.947305788
151	158	0.176753343	0.853611017
1	159	0.761467435	0.026645151
42	159	0.735358847	0.975348463
46	159	0.600755827	0.554944802
67	159	0.491039298	0.579299978
83	159	0.739038512	0.206074456
84	159	0.101516439	0.854321736
104	159	0.193004261	0.362568158
134	159	0.825059532	0.562985474
135	159	0.249162079	0.876207686
149	160	0.097801462	0.559784116
7	161	0.108767399	0.10735035
10	161	0.014633576	0.487427006
11	161	0.684891072	0.51846521
14	161	0.80321149	0.259391357
36	161	0.632257398	0.098528954
49	161	0.106087745	0.457464001
53	161	0.961683005	0.925972043
54	161	0.297387384	0.879749369
57	161	0.803533916	0.18076645
60	161	0.769546178	0.881713338
69	161	0.033710789	0.140904331
70	161	0.227913974	0.269281661
71	161	0.509973405	0.529364285
72	161	0.355403885	0.093194835
74	161	0.802724558	0.162838273
87	161	0.689480671	0.715006426
96	161	0.905832402	0.545551603
103	161	0.715626497	0.538881933
112	161	0.954236753	0.705858874
113	161	0.018758966	0.205368742
114	161	0.608754857	0.891732619
130	161	0.488105683	0.790262695
136	161	0.768478442	0.82690076
142	161	0.402843178	0.334749715
150	161	0.817312678	0.476450452
158	161	0.683236854	0.190932343
9	162	0.132521489	0.819105923
11	162	0.248913354	0.363074513
23	162	0.689460906	0.413679658
32	162	0.326490991	0.837762756
38	162	0.194096665	0.774409262
43	162	0.471961532	0.560090036
49	162	0.430659721	0.951314743
58	162	0.753555891	0.073788868
59	162	0.57083659	0.896675433
80	162	0.460672405	0.029093081
107	162	0.714002878	0.102710121
123	162	0.045102829	0.967175951
135	162	0.814295277	0.21797319
136	162	0.79746096	0.984907388
139	162	0.851432635	0.288457478
5	163	0.210039612	0.141360595
75	163	0.329255206	0.332318767
79	163	0.268500993	0.198347975
86	163	0.90272609	0.943651417
92	163	0.461773906	0.097962071
96	163	0.129630295	0.995721841
136	163	0.456759915	0.016331347
149	163	0.287883421	0.526077581
153	163	0.607087659	0.18299352
7	164	0.666751075	0.467117312
10	164	0.328419449	0.888128835
11	164	0.690044994	0.617987952
14	164	0.622512807	0.131321925
22	164	0.670792316	0.368136619
36	164	0.539289464	0.981561474
43	164	0.500962402	0.920953984
49	164	0.122633986	0.048845943
53	164	0.262350379	0.441824004
54	164	0.726783588	0.649322871
55	164	0.395122848	0.370121126
56	164	0.645992195	0.327408426
57	164	0.24700216	0.882207321
60	164	0.128457164	0.64868662
67	164	0.003025681	0.053054638
69	164	0.389234521	0.273871555
70	164	0.242611433	0.696572427
71	164	0.713907895	0.351464376
72	164	0.179137562	0.541324773
74	164	0.418952837	0.185586032
81	164	0.125173956	0.536957347
83	164	0.640758981	0.071979584
87	164	0.920742455	0.610988865
96	164	0.226047201	0.000876591
98	164	0.718591066	0.840052639
99	164	0.43405079	0.948639495
100	164	0.383766031	0.544236319
101	164	0.108023948	0.885303701
103	164	0.55875639	0.663908858
105	164	0.649508746	0.841569515
108	164	0.892752007	0.346030792
112	164	0.176339332	0.702282804
113	164	0.561941579	0.233917401
114	164	0.855869182	0.46678636
127	164	0.829454445	0.162509994
130	164	0.591255085	0.402929179
131	164	0.951649807	0.255792998
132	164	0.089554602	0.290455929
136	164	0.066264807	0.260075746
142	164	0.855608297	0.26741491
150	164	0.584541715	0.703021531
158	164	0.425908991	0.985698249
161	164	0.766068849	0.930389283
35	166	0.044850497	0.131697639
44	166	0.114536626	0.144216757
50	166	0.044461389	0.494283395
60	166	0.822347595	0.784964174
68	166	0.331368991	0.836184348
99	166	0.61566601	0.291852099
101	166	0.840746568	0.193350118
132	166	0.331812579	0.863379679
135	166	0.819055312	0.635806877
154	166	0.931006913	0.348103208
3	167	0.69037466	0.435618457
4	167	0.305890859	0.171199627
5	167	0.894761541	0.077318897
13	167	0.587565773	0.454425178
18	167	0.360495346	0.047576255
26	167	0.591394432	0.021273067
27	167	0.027312518	0.545267073
28	167	0.926452191	0.448036161
29	167	0.71304795	0.885150543
47	167	0.942767965	0.31340904
51	167	0.954009804	0.997423519
70	167	0.708676575	0.163778071
73	167	0.217935533	0.470800113
75	167	0.158943302	0.262281647
77	167	0.778874968	0.287081531
79	167	0.2687141	0.211619564
85	167	0.518440005	0.861706149
86	167	0.380137486	0.328624963
88	167	0.619321456	0.630697591
90	167	0.028604203	0.550629711
96	167	0.108609993	0.570223303
97	167	0.520410835	0.678245864
102	167	0.182319377	0.067304906
115	167	0.801743331	0.344604213
126	167	0.605556065	0.834718277
128	167	0.502580266	0.171998499
133	167	0.026096827	0.064536858
136	167	0.68267007	0.477613813
138	167	0.919196512	0.481545814
140	167	0.345533612	0.039518541
145	167	0.079072517	0.703860398
147	167	0.82736726	0.757684502
149	167	0.129311003	0.559723671
153	167	0.225113277	0.046132813
155	167	0.128123755	0.907473803
156	167	0.639377458	0.687230843
163	167	0.585249756	0.279917043
1	168	0.893473229	0.536695401
7	168	0.251486508	0.447271833
8	168	0.204710726	0.8313954
9	168	0.056330189	0.20902488
20	168	0.589872773	0.871201866
23	168	0.022721115	0.02183958
24	168	0.844276938	0.632257342
32	168	0.110316042	0.830201649
33	168	0.702317604	0.265129354
35	168	0.152590982	0.24000613
40	168	0.638340623	0.990089246
44	168	0.749694821	0.825920316
46	168	0.958615399	0.181240763
50	168	0.595626529	0.101361401
54	168	0.663946934	0.404919154
58	168	0.971866483	0.547349167
60	168	0.895199696	0.459229757
62	168	0.446307907	0.915605801
63	168	0.121973719	0.739176527
64	168	0.661473626	0.621564221
65	168	0.11218155	0.852569535
66	168	0.32201648	0.676486434
68	168	0.601962506	0.916519191
69	168	0.66441708	0.931330015
70	168	0.483664629	0.067160377
71	168	0.380814795	0.625428383
74	168	0.549241768	0.705738215
78	168	0.128362501	0.700960429
80	168	0.780735628	0.608349294
83	168	0.507443845	0.018228871
91	168	0.701929523	0.376793393
93	168	0.658931348	0.586831242
94	168	0.814942409	0.27273017
95	168	0.073418485	0.350045235
98	168	0.704954605	0.38174231
99	168	0.826904793	0.445809966
100	168	0.365782632	0.695209105
101	168	0.748223783	0.422879618
103	168	0.984482099	0.893296093
104	168	0.653898637	0.244784815
105	168	0.687390498	0.628129434
106	168	0.014872354	0.471310203
107	168	0.417063084	0.832611751
108	168	0.883397553	0.362916472
109	168	0.402441502	0.974302978
110	168	0.150358052	0.306298154
111	168	0.393850069	0.172944802
116	168	0.88413037	0.059481246
117	168	0.529108302	0.712335386
118	168	0.27567291	0.883469862
121	168	0.236014421	0.403532988
122	168	0.083364072	0.851221248
123	168	0.025576569	0.469347384
125	168	0.905472735	0.815935439
131	168	0.616392761	0.111222688
132	168	0.563734489	0.62146396
135	168	0.329218314	0.772348581
136	168	0.533920331	0.178086886
137	168	0.639494142	0.084767781
142	168	0.654752972	0.360486848
146	168	0.418435533	0.875516683
153	168	0.283911673	0.960482461
154	168	0.920229391	0.581368928
158	168	0.281740345	0.438826074
166	168	0.499145836	0.456333868
4	169	0.065494311	0.516505761
5	169	0.744445711	0.824756361
13	169	0.051020978	0.676817859
26	169	0.52435442	0.789369083
29	169	0.90636411	0.179742776
77	169	0.536988281	0.352709614
85	169	0.320313688	0.694983014
86	169	0.801309133	0.267913647
90	169	0.417888417	0.909506683
96	169	0.996587509	0.751872536
97	169	0.128251358	0.610208422
102	169	0.157669785	0.134143126
128	169	0.044436027	0.898218053
138	169	0.379617617	0.944539252
140	169	0.693137242	0.607545337
147	169	0.782781308	0.938776712
149	169	0.069437881	0.693146567
156	169	0.580432529	0.047361028
167	169	0.041221037	0.355753432
7	170	0.842997427	0.88155097
12	170	0.139567377	0.548975884
22	170	0.332397905	0.590423934
31	170	0.476018184	0.88085553
35	170	0.28886741	0.004699423
36	170	0.800206636	0.911747205
43	170	0.131101609	0.80649914
53	170	0.487738383	0.988437592
54	170	0.319795023	0.502246645
55	170	0.269811823	0.100922079
56	170	0.256742883	0.110809788
64	170	0.824527488	0.220738381
65	170	0.348825714	0.990488904
66	170	0.119298497	0.625695691
67	170	0.048649108	0.431700424
70	170	0.113734786	0.012399966
81	170	0.166532624	0.678835639
83	170	0.605383015	0.426285022
84	170	0.306124697	0.317185947
98	170	0.531562637	0.532531279
99	170	0.179283867	0.765787716
100	170	0.722837626	0.548172451
101	170	0.642889749	0.723874331
105	170	0.226827402	0.33829353
108	170	0.270641516	0.323692748
109	170	0.815964476	0.972612661
110	170	0.009744708	0.802158472
111	170	0.071990536	0.828595369
118	170	0.122195334	0.70067193
129	170	0.392797194	0.650227018
131	170	0.468228373	0.387158648
132	170	0.89735993	0.965323981
136	170	0.559578991	0.819366729
150	170	0.720466288	0.865025075
154	170	0.406229058	0.239529548
158	170	0.930962451	0.029930811
164	170	0.642036585	0.390564853
168	170	0.202518602	0.360195462
1	171	0.536684612	0.338468369
7	171	0.025712654	0.677906751
8	171	0.018500032	0.906576871
24	171	0.539357295	0.5463006
35	171	0.260525164	0.993736624
44	171	0.221737809	0.131395857
46	171	0.1085072	0.413104604
60	171	0.694509208	0.65621269
68	171	0.985416067	0.297682099
69	171	0.203830847	0.311443806
70	171	0.250597831	0.65618966
74	171	0.460205699	0.021698614
78	171	0.608760275	0.719957925
89	171	0.003988006	0.869814712
93	171	0.612889423	0.946183984
94	171	0.490387183	0.139877635
95	171	0.908652362	0.324772278
98	171	0.26291227	0.598000309
99	171	0.629076559	0.437145234
100	171	0.571852229	0.219929754
101	171	0.69683408	0.143657414
103	171	0.464132051	0.275910358
104	171	0.134253658	0.660539587
108	171	0.457992949	0.856338621
110	171	0.266369543	0.488862498
111	171	0.204574424	0.829705326
122	171	0.111104853	0.428180062
125	171	0.020845415	0.975328668
127	171	0.256159079	0.096333992
131	171	0.330171811	0.620808934
132	171	0.858514941	0.871223169
135	171	0.102286416	0.223603177
136	171	0.072682119	0.111689601
141	171	0.55996476	0.549412969
142	171	0.344199256	0.105474071
146	171	0.678475213	0.742347851
154	171	0.961573095	0.77475273
158	171	0.179042792	0.7464396
166	171	0.905819849	0.923099716
168	171	0.532770841	0.834223115
3	172	0.868870232	0.711462892
4	172	0.109886659	0.196533503
5	172	0.706486737	0.595581712
13	172	0.983410861	0.503698694
18	172	0.006631762	0.888256971
26	172	0.847344501	0.254389807
27	172	0.901496494	0.459694076
28	172	0.21399708	0.993735105
29	172	0.066593519	0.075281154
51	172	0.423567275	0.746827419
73	172	0.044886105	0.378506468
75	172	0.35974504	0.665815309
76	172	0.431288738	0.09288652
77	172	0.744128395	0.887862489
79	172	0.548153752	0.632708523
86	172	0.208268039	0.52480803
88	172	0.813815293	0.802937929
90	172	0.208313701	0.937466652
96	172	0.855394832	0.521673892
97	172	0.651461729	0.300454393
102	172	0.467272568	0.737179318
115	172	0.765352038	0.014276188
126	172	0.787006184	0.922384781
128	172	0.057672426	0.700890326
136	172	0.375744464	0.63281569
138	172	0.54853393	0.385079425
140	172	0.763941446	0.895069855
144	172	0.689671602	0.531816388
147	172	0.611256417	0.390464775
149	172	0.745132623	0.250424522
153	172	0.708169424	0.393329446
156	172	0.822261135	0.43290041
163	172	0.405313737	0.839030412
167	172	0.968685582	0.89155752
169	172	0.90014427	0.998480914
4	173	0.203280439	0.763936565
5	173	0.097308291	0.820111803
13	173	0.451661576	0.39771488
26	173	0.873316155	0.377910041
28	173	0.579809812	0.668631518
77	173	0.456411623	0.745554611
86	173	0.925764645	0.222221359
90	173	0.389934138	0.150912926
96	173	0.381847334	0.496483552
102	173	0.063866844	0.4187155
128	173	0.869984604	0.132104895
138	173	0.793605032	0.669008797
140	173	0.963494258	0.218174177
147	173	0.281887705	0.070217855
149	173	0.012836659	0.875699334
156	173	0.708308307	0.063517905
163	173	0.581111495	0.033519456
167	173	0.891612081	0.270507728
169	173	0.940089793	0.528800531
172	173	0.681214163	0.165094723
8	174	0.235590563	0.556016438
22	174	0.489304166	0.055936585
24	174	0.970464327	0.519501162
36	174	0.248462938	0.598147092
43	174	0.97709328	0.907154497
49	174	0.46723621	0.523772856
51	174	0.079915892	0.080246981
54	174	0.390693976	0.016041431
59	174	0.860811186	0.84214569
60	174	0.062117774	0.354258211
67	174	0.97311839	0.705526061
69	174	0.362810898	0.898342991
70	174	0.461454767	0.814819017
73	174	0.901326084	0.586128534
75	174	0.199567083	0.847927974
76	174	0.519328726	0.465619069
78	174	0.77675239	0.048325308
79	174	0.271410178	0.088069227
81	174	0.955004705	0.058787229
83	174	0.732769505	0.887263229
88	174	0.45554946	0.346056795
89	174	0.36748156	0.336858531
95	174	0.77296349	0.500751893
98	174	0.408800912	0.181634931
99	174	0.778785258	0.571121912
100	174	0.259661946	0.554800983
101	174	0.654399489	0.430554129
105	174	0.776061083	0.803513577
108	174	0.800543632	0.799553905
110	174	0.6631275	0.397199631
118	174	0.968722002	0.623963485
121	174	0.952028109	0.716603035
126	174	0.614854708	0.13399683
127	174	0.767358981	0.494978992
131	174	0.515817497	0.026711935
132	174	0.665098449	0.68836339
136	174	0.453117969	0.359480209
141	174	0.998982032	0.458950137
142	174	0.900955549	0.263307575
143	174	0.796051219	0.960633704
144	174	0.68335209	0.973505326
147	174	0.437293972	0.847928866
149	174	0.376499394	0.543932879
158	174	0.266780594	0.395073525
164	174	0.827486865	0.746248309
170	174	0.959961135	0.297817216
171	174	0.038323942	0.428824275
69	175	0.939299391	0.104838207
70	175	0.768990126	0.097926957
84	175	0.329424488	0.131312733
93	175	0.572668477	0.597390492
94	175	0.493483268	0.028667281
118	175	0.633581462	0.426243287
121	175	0.037125612	0.782789946
125	175	0.919900535	0.727872094
129	175	0.826834726	0.191530177
136	175	0.704980084	0.271281167
146	175	0.439965088	0.044022353
170	175	0.214213655	0.428692366
4	176	0.800057472	0.048353036
5	176	0.416390857	0.791631653
13	176	0.073476004	0.119082531
26	176	0.537869708	0.080139091
28	176	0.550632599	0.15362767
29	176	0.474782609	0.683600355
86	176	0.308902382	0.202722404
90	176	0.720712449	0.524828399
96	176	0.124443853	0.540825921
102	176	0.321850155	0.276335265
124	176	0.099836236	0.360496355
128	176	0.643057118	0.985887924
140	176	0.86514955	0.939676841
147	176	0.87612614	0.020552073
149	176	0.117321587	0.640117629
156	176	0.494609451	0.17881787
167	176	0.186498646	0.936680174
169	176	0.65214418	0.932970093
172	176	0.099362287	0.037403476
173	176	0.645604396	0.808458416
7	177	0.084323978	0.967687112
54	177	0.045190245	0.485445761
61	177	0.561684619	0.024351752
69	177	0.586491681	0.848184923
70	177	0.202301394	0.561646322
93	177	0.520285762	0.100557027
94	177	0.022050716	0.372235195
109	177	0.386631253	0.926147834
118	177	0.85210827	0.735119657
121	177	0.366552248	0.024913402
125	177	0.249466303	0.295949416
130	177	0.962221387	0.068104975
136	177	0.852892662	0.150838921
146	177	0.287296703	0.181565252
151	177	0.428289767	0.757060693
175	177	0.188974063	0.603955859
7	178	0.238360134	0.582585768
22	178	0.400913254	0.425318679
26	178	0.975619173	0.119450794
36	178	0.21644955	0.143471878
43	178	0.893355217	0.387121143
49	178	0.248981065	0.236092953
53	178	0.088576357	0.620101898
54	178	0.142598924	0.976566998
55	178	0.318843434	0.55505967
56	178	0.451258379	0.934431816
67	178	0.858011755	0.332953276
70	178	0.773795202	0.733440208
81	178	0.583609313	0.913513149
83	178	0.349616298	0.98183795
98	178	0.899595234	0.2774714
99	178	0.557100773	0.369885341
100	178	0.113612806	0.133468316
101	178	0.005721377	0.956229528
103	178	0.011611364	0.487826648
105	178	0.843525609	0.923083176
108	178	0.561461183	0.35031194
127	178	0.751279626	0.249555951
131	178	0.626169426	0.748911418
132	178	0.258536529	0.837568986
136	178	0.720355164	0.931069632
138	178	0.60894509	0.657981997
149	178	0.078624747	0.610585293
150	178	0.914476975	0.757559784
155	178	0.525319576	0.015417943
158	178	0.070033242	0.816365053
164	178	0.851209433	0.368792924
170	178	0.835228911	0.589907747
174	178	0.951736732	0.481364646
9	179	0.793561906	0.061596317
11	179	0.458817378	0.844161114
23	179	0.064499337	0.255642682
32	179	0.680084649	0.756722301
33	179	0.850474542	0.332393057
35	179	0.201071141	0.248322001
38	179	0.149893132	0.767773696
40	179	0.540498478	0.365336993
44	179	0.871721823	0.405517495
50	179	0.181890409	0.17142468
58	179	0.114653734	0.885912372
60	179	0.992164356	0.243552231
62	179	0.30149784	0.952709131
63	179	0.044197315	0.606606665
64	179	0.888891182	0.104495702
65	179	0.20506676	0.081737569
66	179	0.079563549	0.894399177
78	179	0.474048923	0.776009332
80	179	0.709953327	0.105576284
91	179	0.435758105	0.675177266
95	179	0.929422779	0.126158718
98	179	0.089385167	0.239135878
99	179	0.478763203	0.710385299
100	179	0.241735748	0.607352757
101	179	0.655381232	0.926795419
105	179	0.589333318	0.626712882
106	179	0.887445493	0.675203772
107	179	0.954084147	0.199022517
108	179	0.307884491	0.359357707
109	179	0.52128992	0.852457456
110	179	0.076102943	0.239460036
116	179	0.937351832	0.653185933
117	179	0.831712086	0.485637418
119	179	0.986848378	0.488533986
122	179	0.316192366	0.570468778
123	179	0.455570866	0.884186205
131	179	0.884979107	0.871849072
132	179	0.514886808	0.105364909
134	179	0.712475444	0.07914139
135	179	0.669610134	0.73402138
139	179	0.835281196	0.230038937
154	179	0.431582447	0.147653293
162	179	0.413760713	0.237380039
168	179	0.615366176	0.642649631
37	180	0.986452467	0.63998614
47	180	0.335246922	0.133869715
133	180	0.449382901	0.445500035
155	180	0.318192825	0.376515249
157	180	0.379167653	0.18278089
39	181	0.99350925	0.066643864
51	181	0.916070014	0.666985765
80	181	0.648011091	0.608333371
116	181	0.961643209	0.83447374
149	181	0.281310041	0.093120156
153	181	0.544587884	0.012635255
22	182	0.073660406	0.065070841
24	182	0.377057896	0.212744753
42	182	0.442728374	0.656044145
43	182	0.373587814	0.456109666
66	182	0.144330131	0.246759675
78	182	0.065127623	0.203967068
81	182	0.893011659	0.515856114
83	182	0.127100119	0.676973222
98	182	0.424638749	0.672090458
99	182	0.668737611	0.903597832
100	182	0.477038207	0.805684858
101	182	0.298045049	0.204499857
105	182	0.59517942	0.697074992
108	182	0.951065481	0.141248072
110	182	0.881957545	0.128271144
131	182	0.168176627	0.886955013
132	182	0.797597985	0.083101632
136	182	0.808728227	0.160679282
164	182	0.130667232	0.47797625
170	182	0.438226879	0.51941846
174	182	0.236834325	0.26280508
178	182	0.547370193	0.223489165
18	183	0.433171632	0.640696879
42	183	0.268432313	0.789327351
46	183	0.663525607	0.666394073
50	183	0.940210503	0.44127505
53	183	0.291271414	0.505739406
56	183	0.527362868	0.10783087
60	183	0.816367539	0.727317797
68	183	0.846153923	0.600640725
69	183	0.984328175	0.383263779
70	183	0.646451834	0.685838296
81	183	0.750991394	0.185138133
84	183	0.165818547	0.976333458
88	183	0.860975854	0.871312737
93	183	0.006929591	0.756229253
94	183	0.71166593	0.521362496
106	183	0.20332951	0.800712492
114	183	0.43601526	0.314242208
117	183	0.734497017	0.967426004
118	183	0.922576944	0.643643514
121	183	0.889047041	0.281874488
123	183	0.353853899	0.539136151
125	183	0.125730116	0.448871828
129	183	0.327717219	0.702263744
131	183	0.94759517	0.629903224
132	183	0.101687216	0.825060176
136	183	0.620142922	0.443712068
146	183	0.70373939	0.007502939
158	183	0.198216949	0.547617472
166	183	0.599840883	0.685306712
170	183	0.888566825	0.562945798
175	183	0.245998942	0.415299504
177	183	0.396365999	0.602349333
179	183	0.132129434	0.706558806
182	183	0.922663404	0.506057525
18	184	0.595736253	0.269830674
26	184	0.174908269	0.06343781
28	184	0.268111917	0.154904519
29	184	0.852038991	0.799242955
73	184	0.743878829	0.079228182
77	184	0.79338494	0.820837513
86	184	0.951413582	0.688628542
88	184	0.215707978	0.235606055
90	184	0.508007338	0.300799281
96	184	0.728377829	0.741006809
124	184	0.917251411	0.529953607
128	184	0.964704751	0.161601256
136	184	0.229579287	0.63926399
140	184	0.031589206	0.424800432
147	184	0.66080117	0.120563384
149	184	0.636182334	0.150323338
167	184	0.778810566	0.021588141
172	184	0.245766881	0.284965421
173	184	0.706463347	0.240267783
176	184	0.593702742	0.716127117
7	185	0.758313638	0.763986956
14	185	0.786886441	0.731888419
19	185	0.646015949	0.268769568
49	185	0.058704512	0.388913547
57	185	0.568364751	0.398028251
70	185	0.74345133	0.578577983
83	185	0.963473318	0.715713862
127	185	0.674276425	0.402881292
130	185	0.013468542	0.163496402
136	185	0.656481047	0.701303998
142	185	0.473599278	0.787981757
150	185	0.427418918	0.96569802
151	185	0.63081829	0.069853933
165	185	0.598859237	0.522954528
14	186	0.430029182	0.189572858
54	186	0.046644012	0.000860143
69	186	0.029940124	0.488860782
70	186	0.392348245	0.262985153
87	186	0.155946306	0.2424074
96	186	0.211819729	0.135295691
130	186	0.935579179	0.740566169
150	186	0.374154552	0.098877955
158	186	0.832207363	0.34839567
161	186	0.055550411	0.760951347
164	186	0.260784423	0.967745533
35	187	0.005251148	0.256797996
44	187	0.168686146	0.015638089
58	187	0.115430913	0.775373096
60	187	0.095637895	0.187740014
68	187	0.449835548	0.913656852
99	187	0.614269708	0.91450713
101	187	0.878838956	0.037322826
106	187	0.992073819	0.536026791
107	187	0.000609082	0.513917903
123	187	0.848671033	0.263241226
132	187	0.275306552	0.192530573
135	187	0.744723053	0.587033415
154	187	0.158886456	0.008890512
162	187	0.125375488	0.385102444
166	187	0.107789757	0.674859412
168	187	0.544463707	0.446802827
171	187	0.977222924	0.471965437
58	188	0.021541554	0.819033908
78	188	0.554574948	0.375089504
106	188	0.804010351	0.838505309
107	188	0.954400468	0.927495607
123	188	0.588565964	0.25688628
136	188	0.301399667	0.731105759
137	188	0.160212014	0.160657684
158	188	0.981140623	0.076704853
162	188	0.052536669	0.260764574
187	188	0.815846656	0.397955851
4	189	0.37698295	0.887312536
5	189	0.052705633	0.313314611
9	189	0.623768391	0.904934353
11	189	0.91724633	0.084064286
13	189	0.28587646	0.258755111
23	189	0.180892509	0.162627041
26	189	0.517865813	0.591681275
28	189	0.069620774	0.640558345
32	189	0.773805249	0.379198314
38	189	0.984782731	0.875251016
73	189	0.672143409	0.799177963
80	189	0.323156475	0.840348375
85	189	0.345520383	0.011661709
86	189	0.937783831	0.154355293
102	189	0.836200214	0.538531478
128	189	0.993131533	0.846930484
135	189	0.471646888	0.277777293
139	189	0.421770192	0.77769238
140	189	0.126167463	0.062477934
147	189	0.186706606	0.422404794
149	189	0.880054399	0.725567916
155	189	0.170134554	0.935474713
156	189	0.308357209	0.808866171
162	189	0.879195547	0.997112484
167	189	0.64022823	0.133186381
169	189	0.219601513	0.17456589
172	189	0.043510895	0.045004867
173	189	0.418339042	0.942934769
176	189	0.648061024	0.766250001
179	189	0.900639488	0.330435921
7	190	0.671636008	0.796966703
54	190	0.197158475	0.208085449
60	190	0.271780652	0.097284711
69	190	0.286449081	0.794489257
70	190	0.219064696	0.625221507
93	190	0.481119392	0.553296947
94	190	0.554475005	0.781698033
95	190	0.4962788	0.843349124
108	190	0.979057051	0.709297916
111	190	0.827638755	0.151922312
114	190	0.114905231	0.733200845
118	190	0.475756098	0.367111895
121	190	0.039156102	0.867966057
122	190	0.405812121	0.183850434
125	190	0.59649909	0.686808669
130	190	0.12102662	0.244569264
132	190	0.229194799	0.059328155
136	190	0.634177205	0.794781859
146	190	0.439024672	0.829032517
151	190	0.891718727	0.076720725
168	190	0.197739853	0.834853819
171	190	0.409781517	0.225442525
175	190	0.34992681	0.454330662
177	190	0.388160741	0.624873127
183	190	0.382038378	0.945331399
5	191	0.044567642	0.324931971
13	191	0.068366561	0.948618181
18	191	0.45368351	0.271635452
26	191	0.188972875	0.59074708
28	191	0.370635621	0.481530765
29	191	0.87090336	0.619714323
73	191	0.604784354	0.109821074
77	191	0.274638089	0.20583669
85	191	0.741783426	0.760232568
86	191	0.454915402	0.64587879
88	191	0.991048214	0.823795662
90	191	0.164016042	0.553279035
96	191	0.638098646	0.590061982
128	191	0.617325455	0.748548265
136	191	0.126298579	0.103693882
140	191	0.672324949	0.862377239
147	191	0.167381327	0.673720148
149	191	0.080685545	0.929964617
155	191	0.739165576	0.599221476
156	191	0.078664351	0.874074852
167	191	0.564892855	0.511459928
172	191	0.470170655	0.690146848
173	191	0.784406291	0.931145915
184	191	0.294306506	0.72535611
189	191	0.299605278	0.553392413
7	192	0.354664221	0.590562687
10	192	0.671733307	0.68228459
14	192	0.434625285	0.243470774
19	192	0.793140521	0.649687476
34	192	0.978801854	0.439692087
36	192	0.433281614	0.604830313
49	192	0.107567569	0.493700271
54	192	0.256682943	0.639354885
57	192	0.328297214	0.586175232
60	192	0.424196378	0.062955281
61	192	0.50455143	0.322089265
67	192	0.336549003	0.944758724
69	192	0.747847857	0.258504296
70	192	0.783779085	0.925209299
83	192	0.608835091	0.62179508
87	192	0.640352079	0.365744908
93	192	0.733449293	0.978022825
94	192	0.720089886	0.822191026
95	192	0.441122917	0.253126417
96	192	0.454280813	0.484004198
108	192	0.048307692	0.408431262
111	192	0.151365709	0.271732366
112	192	0.736039444	0.927534943
114	192	0.032907561	0.355210823
118	192	0.822965808	0.565059135
121	192	0.353530646	0.179215199
122	192	0.596491127	0.339598355
125	192	0.38571819	0.387726569
127	192	0.764278659	0.257933392
128	192	0.646328435	0.87160359
130	192	0.933830222	0.31351254
132	192	0.325966992	0.449571877
136	192	0.973431549	0.44201464
141	192	0.877184346	0.113049227
146	192	0.072170288	0.611684387
150	192	0.687281113	0.871002447
151	192	0.691026323	0.403824302
158	192	0.327029258	0.085131331
161	192	0.453886716	0.608987193
164	192	0.392497141	0.773080392
168	192	0.642397347	0.617488893
170	192	0.964932313	0.117974545
171	192	0.024226947	0.857995947
174	192	0.975291528	0.171147437
175	192	0.861643073	0.502911284
176	192	0.619731666	0.304722764
177	192	0.525694335	0.040548437
178	192	0.437068909	0.052036054
183	192	0.1227759	0.238530149
185	192	0.194188864	0.539164588
186	192	0.851987815	0.295804513
190	192	0.990643341	0.989579267
7	193	0.717095156	0.184266125
54	193	0.876412632	0.547593449
60	193	0.207787309	0.528594031
69	193	0.813726122	0.965536351
70	193	0.130232345	0.220043939
93	193	0.313373347	0.33867274
94	193	0.679641966	0.366123503
95	193	0.793444003	0.428415871
108	193	0.426677121	0.366902882
111	193	0.28657931	0.096941582
114	193	0.297600894	0.510087947
118	193	0.200430786	0.821959206
121	193	0.110457015	0.211210013
122	193	0.254073437	0.350413008
125	193	0.157908028	0.765462937
130	193	0.767329373	0.71820095
132	193	0.403222734	0.402314253
136	193	0.201202224	0.653766176
142	193	0.909152012	0.510189553
146	193	0.934439952	0.884341828
151	193	0.835405658	0.221636929
168	193	0.223371434	0.315607746
171	193	0.497219305	0.368391319
175	193	0.270352012	0.561987505
177	193	0.607000018	0.42903475
183	193	0.279757757	0.779935569
190	193	0.654672851	0.527560873
192	193	0.173267768	0.533385383
5	194	0.102947277	0.822434571
7	194	0.081048686	0.606695822
12	194	0.326305451	0.405183218
14	194	0.455261089	0.337846085
18	194	0.989807562	0.536187751
19	194	0.63924616	0.593938843
22	194	0.547929323	0.329593301
31	194	0.335861457	0.653857221
36	194	0.943895247	0.591050989
43	194	0.663954185	0.221359754
49	194	0.617503404	0.918356013
53	194	0.827844417	0.393768674
54	194	0.243961089	0.777237807
55	194	0.131401251	0.977894875
56	194	0.749270543	0.343366058
57	194	0.401492342	0.279109572
60	194	0.715083331	0.721432062
61	194	0.332211226	0.226682423
67	194	0.088369872	0.264681825
69	194	0.663773448	0.898349638
70	194	0.163951254	0.206829413
81	194	0.703574706	0.858556044
83	194	0.040151095	0.975537754
84	194	0.148866936	0.218864099
87	194	0.782860857	0.224410516
96	194	0.556980972	0.309893932
98	194	0.33648963	0.971371704
99	194	0.862682925	0.114376178
100	194	0.107077254	0.324082283
101	194	0.655195401	0.168783383
105	194	0.800109434	0.407542529
108	194	0.999635564	0.470801541
111	194	0.233316818	0.920408153
118	194	0.874160083	0.048573454
129	194	0.19470998	0.507660706
130	194	0.185051374	0.45091737
131	194	0.041959123	0.950804493
132	194	0.028303171	0.360922995
136	194	0.607524697	0.633041181
149	194	0.089578673	0.132176169
150	194	0.798235398	0.845061434
158	194	0.625978422	0.385618107
161	194	0.257878693	0.164728391
164	194	0.942651436	0.642632109
168	194	0.644889631	0.484128013
170	194	0.336923581	0.612832037
174	194	0.242001167	0.406384743
175	194	0.788649711	0.898139715
178	194	0.52940416	0.489855453
182	194	0.844266243	0.772533189
183	194	0.965042313	0.590479152
186	194	0.700070257	0.256599989
192	194	0.005218379	0.622496748
7	195	0.003222758	0.973918669
10	195	0.494892739	0.194276761
12	195	0.231072163	0.784632545
14	195	0.35621834	0.653132982
18	195	0.269666227	0.328586995
19	195	0.90347144	0.17303209
31	195	0.438937401	0.226324196
36	195	0.225464064	0.92464387
49	195	0.450025828	0.817698553
53	195	0.598028485	0.915801852
54	195	0.044413779	0.834206618
55	195	0.412787983	0.411529566
56	195	0.746811024	0.051251842
57	195	0.998676038	0.625733958
60	195	0.044745108	0.335877787
61	195	0.358374935	0.219930559
67	195	0.40985463	0.165477608
69	195	0.498141311	0.237177973
70	195	0.643435458	0.952543167
71	195	0.607844833	0.503830297
81	195	0.343094514	0.259897448
83	195	0.006290099	0.72232154
84	195	0.524292896	0.403615461
87	195	0.003712729	0.352733392
111	195	0.161246126	0.337604716
112	195	0.744701519	0.650688904
114	195	0.925779095	0.108980433
127	195	0.279207409	0.832458569
129	195	0.935175888	0.847581653
130	195	0.172803552	0.558872875
134	195	0.938880671	0.195068489
135	195	0.037342989	0.696188393
141	195	0.70859374	0.745644449
149	195	0.026754636	0.703931689
150	195	0.684926518	0.708578829
151	195	0.547265866	0.501146511
158	195	0.519607511	0.858376604
159	195	0.324499646	0.245497729
164	195	0.04769412	0.352639912
168	195	0.362615525	0.860979432
170	195	0.513481551	0.606676399
178	195	0.237110881	0.583155242
192	195	0.729969334	0.230882388
194	195	0.206786092	0.066868223
5	196	0.727220808	0.404478857
7	196	0.077890283	0.170699927
10	196	0.936340625	0.946016794
11	196	0.959795926	0.391219856
12	196	0.157587832	0.14644152
18	196	0.506380098	0.209325843
19	196	0.84557419	0.739640514
31	196	0.391507602	0.128192525
36	196	0.986745374	0.197941523
49	196	0.684232752	0.954444646
50	196	0.665342664	0.477867151
52	196	0.957815736	0.995470238
53	196	0.676958031	0.816309336
54	196	0.718874466	0.942901294
55	196	0.087914505	0.767400514
56	196	0.253481215	0.322684512
57	196	0.819599059	0.851166058
60	196	0.019076095	0.202029827
61	196	0.916198872	0.89833569
67	196	0.986906004	0.83237503
71	196	0.883139722	0.190678212
81	196	0.999631804	0.948714832
83	196	0.845335542	0.603573262
88	196	0.919282691	0.496342222
89	196	0.817935781	0.149257676
111	196	0.39091755	0.720294352
112	196	0.869497711	0.723726761
113	196	0.782145137	0.434997191
114	196	0.164690221	0.509089424
121	196	0.624651731	0.799213598
129	196	0.40785451	0.698594332
131	196	0.484266518	0.458806515
132	196	0.60190077	0.732312133
136	196	0.223002378	0.479268754
142	196	0.831105229	0.887716246
150	196	0.457193557	0.529016709
158	196	0.668461121	0.055347086
161	196	0.140313344	0.723040697
164	196	0.638818562	0.614223173
170	196	0.125315739	0.662024726
178	196	0.103700052	0.278792679
183	196	0.72771139	0.030977519
194	196	0.930186845	0.355617367
195	196	0.338308216	0.658689805
5	197	0.620856133	0.191810453
7	197	0.092023984	0.181616281
12	197	0.389767724	0.288589423
18	197	0.199679977	0.810786539
19	197	0.975132959	0.267894522
22	197	0.706760799	0.532842108
31	197	0.211591261	0.747180559
36	197	0.904444432	0.99981001
43	197	0.388957906	0.943033527
53	197	0.209947597	0.972430748
54	197	0.092607233	0.128944644
55	197	0.688098483	0.383261224
56	197	0.996192282	0.079078368
57	197	0.766314944	0.906400895
60	197	0.213752328	0.411547249
61	197	0.022552638	0.94645746
81	197	0.657113751	0.805145317
83	197	0.423438933	0.485572917
98	197	0.725882409	0.113976828
99	197	0.015650855	0.626863787
100	197	0.244340469	0.141755086
101	197	0.732288279	0.696164093
105	197	0.682267687	0.697237021
108	197	0.447999605	0.704606836
129	197	0.008795665	0.402832026
131	197	0.008074623	0.435936519
132	197	0.016073595	0.432501143
136	197	0.76224825	0.452087231
164	197	0.415806573	0.637104856
170	197	0.021461882	0.323483678
174	197	0.067778528	0.654960481
178	197	0.056014068	0.525132961
182	197	0.37595282	0.455816524
194	197	0.378471305	0.175036265
195	197	0.813222912	0.365409025
196	197	0.08057254	0.647872461
26	198	0.824895406	0.509900578
28	198	0.478641685	0.77939512
29	198	0.316808064	0.965018114
75	198	0.208468534	0.340098708
86	198	0.980277572	0.232887897
90	198	0.46556518	0.856723185
96	198	0.353004503	0.430459744
124	198	0.991871006	0.387804907
140	198	0.49954913	0.759680529
144	198	0.425819399	0.124683748
153	198	0.442431874	0.22070101
167	198	0.550484105	0.97352585
176	198	0.940895599	0.202307774
184	198	0.173917349	0.534128354