source,target,sign
3,399,1
4,399,1
5,399,1
6,399,1
7,399,1
8,399,1
9,400,1
9,399,1
10,11,-1
10,24,1
10,23,1
10,399,1
11,10,-1
11,399,1
12,399,1
13,399,1
14,399,1
15,399,1
16,17,-1
16,18,-1
16,19,-1
16,399,1
17,16,-1
17,399,1
18,16,-1
18,399,1
19,16,-1
19,399,1
20,666,1
20,399,1
22,401,-1
23,31,1
23,10,1
24,31,1
24,10,1
25,401,-1
25,400,1
27,401,-1
28,401,1
29,401,1
30,401,-1
31,402,-1
31,33,1
31,401,1
31,24,1
31,23,1
33,668,-1
33,31,1
38,668,1
39,668,1
40,668,1
41,668,1
42,668,-1
42,670,1
44,671,1
46,670,1
47,673,1
47,54,1
47,55,1
48,673,-1
48,740,1
49,673,-1
49,741,1
50,673,1
51,673,1
52,673,1
53,676,-1
53,673,1
54,47,1
55,47,1
61,670,1
61,676,1
62,670,1
63,674,1
64,68,1
64,70,1
64,670,1
65,71,1
65,670,1
66,203,1
66,811,1
67,81,1
67,85,1
67,86,1
67,682,1
68,87,1
68,88,1
68,64,1
69,82,1
70,64,1
71,65,1
72,670,1
76,77,1
77,78,1
77,76,1
78,77,1
79,80,1
80,79,1
81,684,-1
81,67,1
81,683,1
82,83,1
82,683,1
82,69,1
83,683,1
83,82,1
85,67,1
86,67,1
87,68,1
88,68,1
92,93,1
92,684,1
93,686,1
93,92,1
94,685,1
95,96,1
96,95,1
97,688,1
101,692,1
105,107,1
107,108,1
107,105,1
108,107,1
112,113,1
113,112,1
114,120,1
115,121,1
118,119,1
119,699,1
119,118,1
120,121,1
120,114,1
121,695,1
121,120,1
121,115,1
122,695,1
123,695,1
124,695,-1
126,693,1
127,140,-1
127,128,1
127,129,1
127,130,1
127,131,1
127,697,1
128,132,1
128,133,1
128,134,1
128,135,1
128,136,1
128,137,1
128,697,1
128,127,1
129,132,1
129,133,1
129,134,1
129,135,1
129,136,1
129,137,1
129,697,1
129,127,1
130,132,1
130,133,1
130,134,1
130,135,1
130,136,1
130,137,1
130,697,1
130,127,1
131,132,1
131,133,1
131,134,1
131,135,1
131,136,1
131,137,1
131,697,1
131,127,1
132,140,-1
132,142,1
132,138,1
132,128,1
132,129,1
132,130,1
132,131,1
132,143,1
133,140,-1
133,142,1
133,138,1
133,128,1
133,129,1
133,130,1
133,131,1
133,143,1
134,140,-1
134,142,1
134,138,1
134,128,1
134,129,1
134,130,1
134,131,1
134,143,1
135,140,-1
135,142,1
135,138,1
135,128,1
135,129,1
135,130,1
135,131,1
135,143,1
136,140,-1
136,142,1
136,138,1
136,128,1
136,129,1
136,130,1
136,131,1
136,143,1
137,140,-1
137,142,1
137,138,1
137,128,1
137,129,1
137,130,1
137,131,1
137,143,1
138,132,1
138,133,1
138,134,1
138,135,1
138,136,1
138,137,1
140,132,-1
140,133,-1
140,134,-1
140,135,-1
140,136,-1
140,137,-1
140,127,-1
142,132,1
142,133,1
142,134,1
142,135,1
142,136,1
142,137,1
143,132,1
143,133,1
143,134,1
143,135,1
143,136,1
143,137,1
143,700,1
149,150,1
150,154,1
150,149,1
151,152,1
152,153,1
152,151,1
153,790,1
153,152,1
154,155,1
154,156,1
154,150,1
155,156,1
155,157,1
155,154,1
156,154,1
156,155,1
157,158,1
157,155,1
158,159,1
158,157,1
159,782,1
159,158,1
160,782,1
161,782,1
162,793,-1
164,791,1
164,165,1
164,790,1
165,164,1
165,166,1
165,167,1
166,165,1
167,165,1
167,168,1
168,167,1
168,788,1
170,171,1
170,789,1
171,788,-1
171,789,1
171,170,1
171,785,1
172,788,1
173,788,1
175,787,1
175,784,1
175,788,1
176,786,-1
176,788,1
177,784,1
178,784,1
179,786,1
179,784,1
180,181,1
181,792,-1
181,215,1
181,215,1
181,180,1
185,791,-1
186,791,-1
187,791,-1
188,189,1
189,188,1
190,194,1
190,195,1
190,196,1
194,190,1
195,190,1
196,190,1
197,198,1
198,197,1
203,205,1
203,66,1
203,208,1
204,205,1
205,207,1
205,203,1
205,204,1
207,205,1
208,203,1
214,799,1
215,216,1
215,181,1
215,181,1
216,806,1
216,215,1
217,806,1
217,723,1
218,798,1
219,806,-1
219,798,1
220,225,-1
220,798,1
221,806,1
222,224,1
223,800,1
224,222,1
225,813,-1
225,220,-1
226,803,1
226,244,1
227,234,1
234,807,1
234,242,1
234,227,1
235,807,1
236,807,1
237,807,1
239,807,-1
239,753,1
240,753,1
241,242,1
242,243,1
242,241,1
242,234,1
243,242,1
244,226,1
245,250,1
245,803,1
246,803,1
249,851,1
249,803,1
249,813,1
250,245,1
250,804,1
251,804,1
252,804,1
253,261,1
253,279,1
253,804,1
254,258,1
254,804,1
255,753,1
255,803,1
255,803,1
256,807,1
257,258,1
258,260,1
258,261,1
258,257,1
258,254,1
259,261,1
259,262,1
259,264,1
260,258,1
261,253,1
261,258,1
261,259,1
261,816,1
262,280,-1
262,263,1
262,809,1
262,259,1
263,262,1
264,259,1
265,266,1
266,265,1
271,272,-1
272,280,-1
272,271,-1
272,820,1
273,833,1
273,274,1
274,273,1
274,833,1
274,275,1
275,274,1
275,833,1
275,832,1
276,280,-1
276,278,1
276,817,1
277,802,-1
277,818,1
278,808,1
278,276,1
279,253,1
280,276,-1
280,262,-1
280,272,-1
280,818,1
281,826,1
281,802,1
282,841,1
282,828,1
283,286,1
283,828,1
284,835,1
284,285,1
284,826,1
285,284,1
286,835,1
286,283,1
288,842,1
289,835,1
289,293,1
289,294,1
289,831,1
290,295,1
290,838,1
290,830,1
291,836,1
292,838,1
292,836,1
292,831,1
293,289,1
294,289,1
295,847,1
295,290,1
296,297,1
296,298,1
296,835,1
297,296,1
298,296,1
299,302,1
299,301,1
299,847,1
300,849,1
300,848,1
301,299,1
301,302,1
302,301,1
302,299,1
303,316,1
303,849,1
304,875,1
304,844,1
306,309,1
306,853,1
309,310,1
309,306,1
310,856,1
310,309,1
312,313,1
313,312,1
314,855,1
315,873,1
316,317,1
316,318,1
316,303,1
317,359,1
317,316,1
318,357,1
318,877,1
318,316,1
319,361,1
319,875,1
320,874,1
321,855,1
321,854,1
323,324,1
323,854,1
324,871,-1
324,325,1
324,326,1
324,327,1
324,869,1
324,323,1
325,330,1
325,869,1
325,324,1
326,870,1
326,330,1
326,324,1
327,329,1
327,870,1
327,324,1
329,870,1
329,327,1
330,325,1
330,326,1
332,854,1
332,857,1
333,854,1
334,344,1
334,348,1
334,857,1
335,857,1
336,857,1
337,857,1
337,358,1
338,857,1
338,360,1
339,340,1
339,857,1
340,344,1
340,339,1
341,342,1
341,343,1
341,344,1
341,856,1
342,861,-1
342,341,1
343,861,-1
343,341,1
344,861,-1
344,341,1
344,334,1
344,340,1
345,861,1
346,353,1
346,861,1
347,348,1
347,349,1
347,350,1
347,351,1
347,857,1
348,858,-1
348,352,1
348,334,1
348,347,1
349,347,1
350,347,1
351,347,1
352,348,1
353,858,1
353,346,1
356,376,1
357,358,1
357,318,1
357,857,1
358,337,1
358,357,1
359,867,1
359,866,1
359,360,1
359,317,1
359,877,1
360,878,1
360,338,1
360,359,1
361,362,1
361,319,1
362,866,-1
362,883,1
362,361,1
363,884,1
363,866,1
363,858,1
364,866,1
364,859,1
365,882,1
366,860,1
366,884,1
366,883,1
367,859,1
368,858,1
369,858,1
370,858,1
371,858,1
372,858,1
373,858,1
374,375,1
375,858,1
375,374,1
376,377,1
376,356,1
377,376,1
381,864,1
390,391,1
390,821,1
390,392,1
391,390,1
392,390,1
392,822,1
393,822,-1
393,821,1
394,822,1
395,822,1
396,822,1
397,825,-1
397,822,1
399,3,1
399,4,1
399,5,1
399,6,1
399,7,1
399,8,1
399,9,1
399,10,1
399,11,1
399,12,1
399,13,1
399,14,1
399,15,1
399,16,1
399,17,1
399,18,1
399,19,1
399,20,1
400,25,1
400,742,1
400,9,1
401,30,-1
401,25,-1
401,27,-1
401,22,-1
401,28,1
401,31,1
401,29,1
401,665,1
402,31,-1
404,701,1
406,702,-1
407,414,-1
407,415,-1
407,416,-1
407,417,-1
407,418,-1
407,702,-1
414,407,-1
415,407,-1
416,407,-1
417,407,-1
418,407,-1
421,432,1
421,433,1
422,703,1
423,703,1
424,704,1
424,703,1
425,704,-1
425,703,1
426,704,1
427,703,1
428,703,-1
428,704,1
428,705,1
432,433,1
432,421,1
432,703,1
433,434,-1
433,421,1
433,703,1
433,432,1
434,433,-1
434,703,1
452,709,1
472,473,-1
472,717,1
473,717,-1
473,472,-1
474,478,-1
475,476,1
475,717,1
476,721,1
476,475,1
478,474,-1
478,723,1
485,489,-1
485,753,1
485,726,1
489,485,-1
500,727,1
501,521,1
501,727,1
504,727,-1
504,739,-1
508,732,1
512,513,1
513,512,1
520,727,-1
520,739,-1
521,501,1
522,737,-1
525,737,1
526,727,-1
529,727,-1
530,727,-1
561,757,1
574,788,1
596,762,1
597,598,1
597,761,1
598,762,1
598,597,1
600,780,-1
600,765,1
601,602,1
601,762,1
602,774,-1
602,767,-1
602,601,1
612,616,-1
612,617,-1
616,612,-1
617,612,-1
625,770,1
625,768,1
632,771,1
642,643,1
642,646,1
643,644,1
643,642,1
644,645,1
644,643,1
645,644,1
646,647,1
646,642,1
647,646,1
648,649,1
648,770,1
649,648,1
665,401,1
666,668,1
666,20,1
668,42,-1
668,680,-1
668,33,-1
668,679,-1
668,38,1
668,39,1
668,40,1
668,41,1
668,666,1
669,670,1
670,744,-1
670,674,1
670,675,1
670,682,1
670,64,1
670,65,1
670,72,1
670,62,1
670,669,1
670,42,1
670,671,1
670,672,1
670,46,1
670,676,1
670,61,1
671,670,1
671,44,1
672,673,1
672,670,1
672,680,1
673,676,-1
673,48,-1
673,49,-1
673,50,1
673,51,1
673,52,1
673,53,1
673,672,1
673,47,1
674,670,1
674,63,1
674,675,1
675,674,1
675,670,1
676,53,-1
676,673,-1
676,61,1
676,670,1
677,678,-1
678,677,-1
679,668,-1
680,668,-1
680,672,1
682,67,1
682,670,1
683,81,1
683,82,1
683,83,1
684,81,-1
684,92,1
684,691,1
685,94,1
686,687,1
686,93,1
687,686,1
688,689,1
688,97,1
689,688,1
691,684,1
692,101,1
693,126,1
693,695,1
694,696,-1
694,699,1
695,124,-1
695,122,1
695,123,1
695,697,1
695,121,1
695,693,1
696,694,-1
696,697,1
697,127,1
697,128,1
697,129,1
697,130,1
697,131,1
697,695,1
697,696,1
698,700,1
699,694,1
699,119,1
700,143,1
700,698,1
701,702,-1
701,404,1
702,406,-1
702,407,-1
702,701,-1
703,428,-1
703,705,-1
703,432,1
703,433,1
703,434,1
703,425,1
703,424,1
703,422,1
703,423,1
703,427,1
704,425,-1
704,426,1
704,428,1
704,424,1
704,705,1
705,703,-1
705,428,1
705,704,1
709,452,1
711,712,1
712,711,1
713,714,1
714,715,1
714,713,1
715,714,1
717,473,-1
717,719,-1
717,718,-1
717,475,1
717,472,1
718,717,-1
719,717,-1
719,722,-1
720,722,-1
721,722,-1
721,476,1
722,721,-1
722,719,-1
722,720,-1
722,726,1
722,795,1
723,748,1
723,217,1
723,478,1
724,725,-1
725,724,-1
726,485,1
726,722,1
727,526,-1
727,529,-1
727,530,-1
727,730,-1
727,504,-1
727,520,-1
727,501,1
727,500,1
730,727,-1
731,732,-1
732,733,-1
732,731,-1
732,734,1
732,735,1
732,508,1
733,732,-1
734,732,1
735,732,1
737,522,-1
737,525,1
738,739,1
739,504,-1
739,520,-1
739,738,1
739,755,1
740,48,1
741,49,1
742,400,1
744,670,-1
748,723,1
753,807,1
753,239,1
753,240,1
753,255,1
753,485,1
753,801,1
755,739,1
757,759,-1
757,561,1
758,759,-1
759,757,-1
759,758,-1
759,764,-1
761,597,1
762,601,1
762,598,1
762,596,1
762,774,1
763,774,-1
764,759,-1
764,765,-1
764,766,-1
765,764,-1
765,771,-1
765,600,1
766,764,-1
767,778,-1
767,602,-1
767,778,1
768,625,1
770,779,-1
770,648,1
770,625,1
771,765,-1
771,632,1
774,763,-1
774,602,-1
774,762,1
778,767,-1
778,767,1
779,770,-1
780,600,-1
782,794,-1
782,160,1
782,161,1
782,159,1
783,784,1
784,179,1
784,178,1
784,177,1
784,785,1
784,175,1
784,788,1
784,783,1
785,786,1
785,171,1
785,784,1
785,788,1
786,176,-1
786,785,1
786,179,1
786,788,1
786,787,1
787,786,1
787,788,1
787,175,1
788,171,-1
788,786,1
788,175,1
788,176,1
788,172,1
788,173,1
788,574,1
788,787,1
788,168,1
788,785,1
788,784,1
789,171,1
789,170,1
790,164,1
790,153,1
791,187,-1
791,186,-1
791,185,-1
791,164,1
792,181,-1
793,162,-1
794,782,-1
795,722,1
796,798,1
798,218,1
798,219,1
798,220,1
798,796,1
799,800,1
799,214,1
800,223,1
800,799,1
801,753,1
802,277,-1
802,805,1
802,839,1
802,281,1
802,803,1
803,802,1
803,249,1
803,804,1
803,255,1
803,255,1
803,245,1
803,804,1
803,246,1
803,226,1
804,253,1
804,254,1
804,252,1
804,251,1
804,250,1
804,803,1
804,803,1
805,802,1
806,219,-1
806,221,1
806,216,1
806,217,1
807,239,-1
807,256,1
807,234,1
807,753,1
807,235,1
807,236,1
807,237,1
808,278,1
809,262,1
811,66,1
813,225,-1
813,249,1
816,261,1
817,276,1
818,280,1
818,277,1
819,820,1
820,272,1
820,819,1
821,393,1
821,390,1
822,393,-1
822,824,-1
822,394,1
822,823,1
822,395,1
822,396,1
822,825,1
822,397,1
822,392,1
823,822,1
824,822,-1
825,397,-1
825,822,1
826,284,1
826,827,1
826,281,1
826,851,1
827,831,1
827,826,1
828,282,1
828,852,1
828,283,1
828,839,1
830,290,1
830,841,1
831,292,1
831,836,1
831,289,1
831,827,1
832,275,1
833,834,1
833,852,1
833,275,1
833,274,1
833,273,1
834,833,1
835,296,1
835,837,1
835,286,1
835,284,1
835,289,1
836,848,1
836,831,1
836,291,1
836,292,1
837,844,1
837,835,1
838,841,1
838,290,1
838,292,1
839,828,1
839,802,1
841,830,1
841,282,1
841,838,1
842,288,1
844,845,1
844,304,1
844,837,1
845,844,1
846,872,1
846,873,1
847,299,1
847,295,1
848,300,1
848,836,1
849,850,1
849,303,1
849,300,1
850,875,1
850,849,1
851,826,1
851,249,1
852,828,1
852,833,1
853,306,1
854,332,1
854,857,1
854,333,1
854,868,1
854,323,1
854,321,1
855,857,1
855,314,1
855,876,1
855,321,1
856,857,1
856,341,1
856,310,1
856,868,1
857,871,-1
857,332,1
857,347,1
857,334,1
857,335,1
857,336,1
857,339,1
857,338,1
857,337,1
857,861,1
857,357,1
857,856,1
857,854,1
857,869,1
857,855,1
857,879,1
857,868,1
858,348,-1
858,859,-1
858,865,-1
858,375,1
858,863,1
858,368,1
858,369,1
858,370,1
858,371,1
858,372,1
858,373,1
858,862,1
858,363,1
858,353,1
858,880,1
859,858,-1
859,367,1
859,864,1
859,364,1
859,865,1
860,366,1
861,344,-1
861,342,-1
861,343,-1
861,346,1
861,345,1
861,857,1
862,858,1
863,858,1
864,381,1
864,859,1
865,858,-1
865,859,1
866,362,-1
866,363,1
866,364,1
866,359,1
867,359,1
868,857,1
868,856,1
868,854,1
869,857,1
869,324,1
869,325,1
870,871,-1
870,327,1
870,329,1
870,326,1
871,857,-1
871,324,-1
871,870,-1
872,874,1
872,846,1
873,315,1
873,846,1
874,320,1
874,872,1
875,319,1
875,304,1
875,850,1
876,855,1
877,359,1
877,318,1
878,881,1
878,360,1
879,857,1
880,858,1
881,882,1
881,878,1
882,365,1
882,881,1
883,366,1
883,362,1
884,366,1
884,363,1
889,894,1
893,901,1
893,1035,1
893,1012,1
894,889,1
894,1011,1
896,899,-1
896,902,1
896,1035,1
897,906,1
897,902,1
898,1040,1
898,903,1
899,1033,-1
899,1036,-1
899,896,-1
899,905,-1
899,904,-1
899,908,-1
899,918,-1
899,909,1
899,910,1
899,911,1
899,912,1
899,900,1
899,915,1
899,1027,1
899,1035,1
899,906,1
900,921,-1
900,1038,-1
900,943,1
900,922,1
900,938,1
900,939,1
900,1043,1
900,1044,1
900,1045,1
900,1046,1
900,909,1
900,1042,1
900,1041,1
900,1069,1
900,899,1
900,1035,1
900,914,1
900,913,1
900,1028,1
900,1029,1
901,1035,1
901,893,1
902,897,1
902,896,1
903,898,1
904,899,-1
904,905,1
904,1022,1
905,899,-1
905,904,1
906,899,1
906,897,1
906,1026,1
908,899,-1
909,929,1
909,899,1
909,900,1
910,1053,1
910,1054,1
910,1055,1
910,899,1
911,1048,1
911,1049,1
911,899,1
912,918,1
912,899,1
913,900,1
913,1069,1
913,917,1
914,1042,1
914,1078,1
914,900,1
914,1035,1
915,918,1
915,899,1
916,1020,1
916,1021,1
917,913,1
917,1026,1
918,899,-1
918,915,1
918,912,1
918,1030,1
918,1031,1
921,900,-1
921,937,1
921,1063,1
921,1064,1
921,941,1
921,937,1
922,929,-1
922,923,1
922,941,1
922,1072,1
922,1077,1
922,1084,1
922,1079,1
922,900,1
923,944,1
923,924,1
923,1085,1
923,1086,1
923,1088,1
923,1089,1
923,937,1
923,922,1
924,932,-1
924,925,1
924,1125,1
924,1102,1
924,1079,1
924,923,1
924,1080,1
924,1087,1
924,1088,1
925,1129,1
925,1127,1
925,1121,1
925,946,1
925,924,1
925,1079,1
926,946,1
926,945,1
926,1092,1
926,1093,1
926,937,1
926,933,1
926,934,1
926,940,1
926,931,1
926,1062,1
926,1111,1
926,1091,1
927,1116,1
927,1118,1
927,1122,1
927,1123,1
927,1112,1
927,1113,1
927,1110,1
927,928,1
927,1058,1
928,932,1
928,927,1
928,1058,1
928,1057,1
929,922,-1
929,930,1
929,933,1
929,1062,1
929,909,1
930,929,1
931,926,1
931,1092,1
931,933,1
931,1053,1
931,1054,1
931,1055,1
932,924,-1
932,928,1
933,934,-1
933,931,1
933,926,1
933,1065,1
933,929,1
934,933,-1
934,944,-1
934,926,1
934,1091,1
934,1062,1
935,1082,-1
935,1090,1
935,1089,1
935,1086,1
937,926,1
937,1082,1
937,1083,1
937,921,1
937,921,1
937,923,1
938,939,1
938,900,1
939,940,1
939,900,1
939,938,1
940,1087,-1
940,926,1
940,939,1
941,922,1
941,921,1
941,1063,1
941,1064,1
943,900,1
944,934,-1
944,945,1
944,1097,1
944,1100,1
944,1098,1
944,1099,1
944,923,1
945,946,-1
945,1102,1
945,1098,1
945,926,1
945,944,1
945,1093,1
946,1098,-1
946,945,-1
946,925,1
946,1109,1
946,926,1
948,1150,1
948,1147,1
948,1129,1
948,1128,1
948,1101,1
948,1125,1
948,1127,1
949,950,1
949,1151,1
949,951,1
949,1129,1
949,1141,1
950,958,1
950,1160,1
950,952,1
950,949,1
951,949,1
952,956,-1
952,950,1
953,954,1
953,1169,1
954,953,1
956,952,-1
956,958,-1
956,957,1
956,1169,1
957,956,1
957,1170,1
958,956,-1
958,1171,1
958,960,1
958,950,1
958,1164,1
958,961,1
958,1172,1
959,1174,1
959,1175,1
960,961,-1
960,961,1
960,958,1
960,1147,1
960,1150,1
961,960,-1
961,1158,1
961,1174,1
961,958,1
961,1159,1
961,960,1
961,1154,1
961,1155,1
964,965,1
964,1186,1
965,1190,1
965,1186,1
965,964,1
966,1199,1
966,1185,1
966,1186,1
967,1197,1
968,969,1
968,1198,1
968,1196,1
969,971,1
969,1232,1
969,968,1
971,1215,-1
971,975,1
971,1248,1
971,1249,1
971,969,1
971,1202,1
972,1245,1
972,1246,1
972,1247,1
973,1234,1
974,1234,1
974,1239,1
975,976,1
975,1216,1
975,1215,1
975,1214,1
975,971,1
976,1212,1
976,1213,1
976,1210,1
976,1211,1
976,1209,1
976,983,1
976,978,1
976,975,1
978,976,1
978,1208,1
979,1207,1
980,1252,1
980,1206,1
983,976,1
983,1208,1
984,1258,1
985,1262,-1
985,1263,1
985,986,1
985,1258,1
985,1261,1
986,1270,1
986,1271,1
986,1263,1
986,985,1
987,1272,1
988,989,-1
988,990,-1
988,993,1
988,1285,1
989,988,-1
990,988,-1
990,991,1
991,994,-1
991,990,1
991,992,1
991,1281,1
991,1275,1
991,1282,1
991,1283,1
992,1283,1
992,991,1
992,1282,1
993,988,1
993,1285,1
994,991,-1
994,1276,1
994,1275,1
994,1280,1
994,1283,1
994,1279,1
995,1266,1
996,1285,1
997,1253,-1
998,1299,1
998,1300,1
998,1297,1
998,1288,1
998,1294,1
998,1295,1
998,1296,1
999,1309,1
1000,1302,-1
1000,1312,1
1000,1300,1
1001,1310,1
1011,894,1
1012,893,1
1016,1017,1
1017,1016,1
1020,916,1
1021,916,1
1022,904,1
1026,906,1
1026,1027,1
1026,917,1
1027,1026,1
1027,899,1
1028,900,1
1029,900,1
1030,918,1
1031,918,1
1033,899,-1
1035,900,1
1035,914,1
1035,1041,1
1035,896,1
1035,893,1
1035,901,1
1035,899,1
1036,899,-1
1038,900,-1
1039,1040,1
1040,1057,1
1040,898,1
1040,1039,1
1041,1035,1
1041,900,1
1042,914,1
1042,900,1
1043,900,1
1044,900,1
1045,900,1
1046,900,1
1048,1050,1
1048,911,1
1049,1052,1
1049,911,1
1050,1051,1
1050,1048,1
1051,1050,1
1052,1049,1
1053,931,1
1053,1065,1
1053,910,1
1054,931,1
1054,1065,1
1054,910,1
1055,931,1
1055,1065,1
1055,910,1
1057,928,1
1057,1066,1
1057,1040,1
1058,927,1
1058,928,1
1059,1060,1
1060,1059,1
1062,934,1
1062,926,1
1062,1092,1
1062,929,1
1063,941,1
1063,921,1
1064,941,1
1064,921,1
1065,1053,1
1065,1054,1
1065,1055,1
1065,933,1
1066,1057,1
1066,1067,1
1067,1066,1
1069,1072,1
1069,913,1
1069,900,1
1072,1069,1
1072,922,1
1077,922,1
1078,1079,1
1078,1080,1
1078,914,1
1079,925,1
1079,922,1
1079,1078,1
1079,924,1
1080,924,1
1080,1095,1
1080,1078,1
1081,1082,1
1082,935,-1
1082,937,1
1082,1083,1
1082,1081,1
1083,1082,1
1083,937,1
1084,922,1
1085,923,1
1086,923,1
1086,935,1
1087,940,-1
1087,924,1
1088,924,1
1088,1096,1
1088,923,1
1089,1102,1
1089,923,1
1089,935,1
1090,935,1
1091,926,1
1091,934,1
1092,1062,1
1092,926,1
1092,931,1
1093,945,1
1093,926,1
1095,1102,1
1095,1080,1
1096,1088,1
1097,944,1
1098,946,-1
1098,944,1
1098,945,1
1099,944,1
1100,1101,1
1100,944,1
1101,1128,1
1101,948,1
1101,1100,1
1102,1089,1
1102,945,1
1102,924,1
1102,1095,1
1109,946,1
1110,927,1
1111,926,1
1112,927,1
1113,927,1
1116,927,1
1118,1119,-1
1118,927,1
1119,1118,-1
1121,925,1
1122,1124,1
1122,927,1
1123,1124,1
1123,927,1
1124,1126,1
1124,1122,1
1124,1123,1
1125,948,1
1125,924,1
1126,1143,1
1126,1124,1
1127,948,1
1127,1129,1
1127,925,1
1128,1135,1
1128,1133,1
1128,948,1
1128,1101,1
1129,1137,1
1129,949,1
1129,1141,1
1129,1140,1
1129,1138,1
1129,1139,1
1129,925,1
1129,1127,1
1129,948,1
1133,1128,1
1135,1128,1
1137,1129,1
1138,1129,1
1139,1129,1
1140,1129,1
1141,949,1
1141,1129,1
1143,1145,1
1143,1144,1
1143,1126,1
1144,1143,1
1145,1164,1
1145,1143,1
1147,960,1
1147,1150,1
1147,948,1
1150,960,1
1150,948,1
1150,1147,1
1151,949,1
1154,961,1
1154,1155,1
1155,961,1
1155,1154,1
1157,1158,1
1158,1157,1
1158,961,1
1159,1171,1
1159,961,1
1160,950,1
1161,1162,1
1162,1161,1
1164,1165,1
1164,1166,1
1164,1167,1
1164,958,1
1164,1166,1
1164,1145,1
1165,1164,1
1166,1164,1
1166,1164,1
1167,1164,1
1169,953,1
1169,956,1
1170,957,1
1171,1176,1
1171,1172,1
1171,1159,1
1171,958,1
1172,1177,1
1172,958,1
1172,1171,1
1173,1176,1
1174,959,1
1174,961,1
1175,959,1
1175,1176,1
1176,1177,1
1176,1175,1
1176,1173,1
1176,1171,1
1177,1172,1
1177,1176,1
1185,1187,1
1185,966,1
1186,966,1
1186,964,1
1186,965,1
1187,1202,1
1187,1185,1
1188,1190,1
1188,1189,1
1189,1188,1
1189,1190,1
1190,1189,1
1190,1188,1
1190,965,1
1192,1193,1
1193,1192,1
1196,968,1
1197,967,1
1198,1202,1
1198,968,1
1199,966,1
1200,1201,1
1201,1203,1
1201,1200,1
1202,971,1
1202,1187,1
1202,1198,1
1203,1201,1
1205,1206,1
1206,980,1
1206,1205,1
1207,979,1
1208,983,1
1208,978,1
1209,976,1
1210,976,1
1211,976,1
1212,976,1
1213,976,1
1214,975,1
1215,971,-1
1215,975,1
1216,975,1
1217,1218,1
1218,1217,1
1232,969,1
1234,974,1
1234,973,1
1239,974,1
1241,1314,-1
1242,1314,-1
1245,972,1
1246,972,1
1247,972,1
1248,971,1
1249,971,1
1252,980,1
1253,997,-1
1253,1314,-1
1258,1260,1
1258,1261,1
1258,985,1
1258,984,1
1260,1258,1
1261,985,1
1261,1258,1
1262,985,-1
1263,1264,1
1263,985,1
1263,986,1
1264,1263,1
1266,995,1
1269,1316,-1
1270,986,1
1271,986,1
1272,987,1
1275,991,1
1275,994,1
1276,994,1
1277,1278,1
1277,1279,1
1278,1277,1
1278,1279,1
1279,1277,1
1279,994,1
1279,1278,1
1280,1282,1
1280,1283,1
1280,994,1
1281,991,1
1281,1282,1
1282,991,1
1282,1283,1
1282,992,1
1282,1281,1
1282,1280,1
1283,991,1
1283,1280,1
1283,994,1
1283,1282,1
1283,992,1
1285,988,1
1285,993,1
1285,996,1
1288,1291,1
1288,998,1
1288,1289,1
1289,1288,1
1290,1292,1
1291,1301,1
1291,1292,1
1291,1288,1
1292,1293,1
1292,1290,1
1292,1291,1
1293,1292,1
1294,1298,1
1294,1295,1
1294,1296,1
1294,998,1
1295,998,1
1295,1294,1
1296,1297,1
1296,1300,1
1296,998,1
1296,1294,1
1297,1296,1
1297,998,1
1298,1304,1
1298,1294,1
1299,998,1
1300,1303,1
1300,1000,1
1300,1302,1
1300,1296,1
1300,998,1
1301,1302,1
1301,1291,1
1302,1000,-1
1302,1301,1
1302,1300,1
1303,1300,1
1304,1307,1
1304,1298,1
1307,1308,1
1307,1304,1
1308,1307,1
1309,999,1
1310,1311,1
1310,1001,1
1311,1310,1
1312,1000,1
1314,1241,-1
1314,1242,-1
1314,1253,-1
1316,1269,-1
